ZipCode,Geographic Area Name,Household15 to24 ,Household25to44,Household45to64 ,Household_over65,Familes
 15001,ZCTA5 15001,-,86509,75449,59067,88946
 15003,ZCTA5 15003,27768,67604,55714,45250,77470
 15004,ZCTA5 15004,-,-,-,-,83382
 15005,ZCTA5 15005,60743,99792,109063,51485,99657
 15006,ZCTA5 15006,-,-,-,-,130396
 15007,ZCTA5 15007,-,-,-,-,-
 15009,ZCTA5 15009,-,109194,112083,48516,108795
 15010,ZCTA5 15010,62686,82398,86212,45663,89821
 15012,ZCTA5 15012,-,85938,80511,39238,86293
 15014,ZCTA5 15014,31667,74375,45254,53555,59688
 15015,ZCTA5 15015,-,172429,181250,84286,171250
 15017,ZCTA5 15017,51528,111755,98682,52966,117628
 15018,ZCTA5 15018,-,-,-,28669,-
 15019,ZCTA5 15019,-,66154,88636,19912,87955
 15020,ZCTA5 15020,-,-,71354,51250,71363
 15021,ZCTA5 15021,48586,80217,85000,49052,92604
 15022,ZCTA5 15022,54674,68102,60139,46065,74688
 15024,ZCTA5 15024,41625,106563,112230,47250,111584
 15025,ZCTA5 15025,37065,84091,97882,66620,105577
 15026,ZCTA5 15026,95729,153553,98750,58125,116971
 15027,ZCTA5 15027,-,71094,96288,31736,81625
 15028,ZCTA5 15028,-,81250,151607,21250,78750
 15030,ZCTA5 15030,46875,65357,54375,28750,77083
 15031,ZCTA5 15031,-,-,-,-,62727
 15033,ZCTA5 15033,-,29009,49129,32059,63267
 15034,ZCTA5 15034,26691,61250,55192,33359,69875
 15035,ZCTA5 15035,-,55714,74250,37426,94605
 15037,ZCTA5 15037,53125,82385,86750,49691,87264
 15038,ZCTA5 15038,-,-,-,34071,60714
 15042,ZCTA5 15042,78352,69531,99063,56838,78831
 15043,ZCTA5 15043,-,141607,106726,57083,82024
 15044,ZCTA5 15044,-,157647,164237,73367,149099
 15045,ZCTA5 15045,-,60538,63600,33603,57477
 15046,ZCTA5 15046,-,75417,138214,47554,95313
 15047,ZCTA5 15047,-,-,-,-,-
 15049,ZCTA5 15049,-,57750,58229,42167,61875
 15050,ZCTA5 15050,-,80000,104750,52500,92159
 15051,ZCTA5 15051,-,120795,72632,48229,59904
 15052,ZCTA5 15052,66250,74766,69531,46875,78450
 15053,ZCTA5 15053,-,-,-,-,-
 15054,ZCTA5 15054,-,85885,-,15946,-
 15055,ZCTA5 15055,-,67337,-,60500,78631
 15056,ZCTA5 15056,-,85903,63889,42679,92619
 15057,ZCTA5 15057,-,149949,130344,61653,139528
 15059,ZCTA5 15059,-,90851,76607,47784,62315
 15060,ZCTA5 15060,-,58625,85000,49934,57917
 15061,ZCTA5 15061,23722,85586,85921,42557,91471
 15062,ZCTA5 15062,23485,54839,66310,37791,81940
 15063,ZCTA5 15063,30804,80542,66667,42219,86702
 15064,ZCTA5 15064,-,76458,-,-,-
 15065,ZCTA5 15065,-,70536,74583,41000,90828
 15066,ZCTA5 15066,37675,63189,69671,46481,73032
 15067,ZCTA5 15067,-,49432,59760,46667,68977
 15068,ZCTA5 15068,23763,74245,74841,45704,86350
 15071,ZCTA5 15071,-,120064,114286,51178,125000
 15072,ZCTA5 15072,-,-,-,-,-
 15074,ZCTA5 15074,-,53844,55208,39856,65714
 15075,ZCTA5 15075,-,-,-,-,-
 15076,ZCTA5 15076,-,72697,-,-,73553
 15077,ZCTA5 15077,-,92679,109750,-,93750
 15078,ZCTA5 15078,-,-,-,-,74883
 15081,ZCTA5 15081,-,68125,77333,38667,84773
 15082,ZCTA5 15082,-,-,-,-,-
 15083,ZCTA5 15083,-,73036,87768,61250,93958
 15084,ZCTA5 15084,-,56500,60708,44375,74568
 15085,ZCTA5 15085,-,98068,81938,60264,89241
 15086,ZCTA5 15086,-,-,-,115500,126923
 15087,ZCTA5 15087,-,-,-,-,66500
 15088,ZCTA5 15088,-,34688,76250,50000,77500
 15089,ZCTA5 15089,-,91528,66358,31411,68048
 15090,ZCTA5 15090,88750,163405,159816,76742,165564
 15101,ZCTA5 15101,40737,117889,137212,73498,137029
 15102,ZCTA5 15102,58854,136138,128723,58656,133571
 15104,ZCTA5 15104,-,32234,38350,34018,45349
 15106,ZCTA5 15106,26792,89682,81625,45585,98013
 15108,ZCTA5 15108,51288,104818,124250,65376,118953
 15110,ZCTA5 15110,-,39780,43208,40036,48333
 15112,ZCTA5 15112,-,38375,56642,37386,50083
 15116,ZCTA5 15116,-,114891,117955,66637,109323
 15120,ZCTA5 15120,29789,64368,61224,34396,70523
 15122,ZCTA5 15122,-,86094,84448,42961,86197
 15123,ZCTA5 15123,-,-,-,-,-
 15126,ZCTA5 15126,60924,94816,81607,69750,107449
 15129,ZCTA5 15129,-,96188,120372,56267,115192
 15131,ZCTA5 15131,33763,89912,91735,41192,90313
 15132,ZCTA5 15132,6881,35720,34671,32746,46217
 15133,ZCTA5 15133,40682,74097,72644,43684,79743
 15135,ZCTA5 15135,-,110875,104375,39176,103889
 15136,ZCTA5 15136,-,59069,72500,50167,80222
 15137,ZCTA5 15137,6224,52111,55315,38039,60293
 15139,ZCTA5 15139,65156,109952,112826,43639,153594
 15140,ZCTA5 15140,-,47946,41250,20893,48693
 15142,ZCTA5 15142,-,79557,241944,"250,000+","250,000+"
 15143,ZCTA5 15143,30909,164815,149583,69141,147639
 15144,ZCTA5 15144,-,77813,84009,48977,82740
 15145,ZCTA5 15145,44696,34583,65526,48558,52783
 15146,ZCTA5 15146,51031,85698,102609,56536,98854
 15147,ZCTA5 15147,46705,63669,78801,45104,80373
 15148,ZCTA5 15148,-,28500,56250,29844,62679
 15201,ZCTA5 15201,79949,97309,77522,37788,98059
 15202,ZCTA5 15202,52888,76981,68519,36279,96566
 15203,ZCTA5 15203,35000,93967,55708,54958,103711
 15204,ZCTA5 15204,-,51824,68600,46970,65048
 15205,ZCTA5 15205,48438,80363,95708,54232,93984
 15206,ZCTA5 15206,31797,82130,59766,40850,100575
 15207,ZCTA5 15207,68156,70030,56603,30429,74208
 15208,ZCTA5 15208,29872,82727,57115,37450,65294
 15209,ZCTA5 15209,87206,94068,77301,42267,93162
 15210,ZCTA5 15210,45596,47420,50848,42500,55479
 15211,ZCTA5 15211,52270,90333,76591,38278,98825
 15212,ZCTA5 15212,39000,73520,61844,38650,80451
 15213,ZCTA5 15213,11993,37078,47740,53580,77587
 15214,ZCTA5 15214,36875,62182,78330,33486,69308
 15215,ZCTA5 15215,51957,98750,114375,57262,125422
 15216,ZCTA5 15216,39830,91799,86972,50833,102726
 15217,ZCTA5 15217,25192,89577,144457,65091,159324
 15218,ZCTA5 15218,29531,66291,83533,50547,108703
 15219,ZCTA5 15219,14462,37331,34880,25407,45795
 15220,ZCTA5 15220,-,96776,82797,45895,99221
 15221,ZCTA5 15221,31853,63491,56415,42477,78163
 15222,ZCTA5 15222,98542,117500,-,98750,233269
 15223,ZCTA5 15223,-,79531,67292,37684,82647
 15224,ZCTA5 15224,36570,78307,60139,31364,93261
 15225,ZCTA5 15225,36875,74659,58333,43672,74653
 15226,ZCTA5 15226,79018,93559,84659,44593,101496
 15227,ZCTA5 15227,-,85095,87349,44844,94577
 15228,ZCTA5 15228,-,135682,141038,89375,155000
 15229,ZCTA5 15229,67612,89723,103214,46546,106233
 15232,ZCTA5 15232,24125,68342,107326,98750,110795
 15233,ZCTA5 15233,85714,89318,57656,47969,116422
 15234,ZCTA5 15234,73565,106935,88364,46143,99521
 15235,ZCTA5 15235,26205,62667,69485,53267,75257
 15236,ZCTA5 15236,-,101250,97175,57582,104685
 15237,ZCTA5 15237,38790,133956,149059,64071,141613
 15238,ZCTA5 15238,69531,143194,153750,89879,171979
 15239,ZCTA5 15239,99120,115869,112135,60788,109647
 15241,ZCTA5 15241,90000,150223,188264,79938,181042
 15243,ZCTA5 15243,-,141842,130132,62791,132377
 15260,ZCTA5 15260,-,-,-,-,-
 15275,ZCTA5 15275,-,-,-,-,-
 15282,ZCTA5 15282,-,-,-,-,-
 15290,ZCTA5 15290,-,-,-,-,-
 15301,ZCTA5 15301,46098,89669,75635,45514,94878
 15310,ZCTA5 15310,-,-,103333,52083,103194
 15311,ZCTA5 15311,-,118194,140511,39375,89063
 15312,ZCTA5 15312,38942,73750,92875,55729,80739
 15313,ZCTA5 15313,-,99375,91429,55536,88125
 15314,ZCTA5 15314,-,79737,74750,40242,77708
 15315,ZCTA5 15315,-,46726,-,56875,46887
 15316,ZCTA5 15316,-,62321,28828,35625,46667
 15317,ZCTA5 15317,45329,120145,118343,64224,128108
 15320,ZCTA5 15320,-,-,89828,34104,89141
 15321,ZCTA5 15321,-,151806,116016,46250,135432
 15322,ZCTA5 15322,-,101719,71528,51250,83977
 15323,ZCTA5 15323,38654,103654,72019,56029,86583
 15324,ZCTA5 15324,-,62500,56250,32179,48365
 15325,ZCTA5 15325,-,-,-,44145,-
 15327,ZCTA5 15327,-,72321,84271,67000,72500
 15329,ZCTA5 15329,-,100000,87734,53938,97727
 15330,ZCTA5 15330,-,149722,125996,72554,126973
 15331,ZCTA5 15331,-,53125,55694,-,47065
 15332,ZCTA5 15332,-,87045,96047,55016,90875
 15333,ZCTA5 15333,-,92019,75000,37917,92237
 15334,ZCTA5 15334,-,89408,106750,42500,89474
 15337,ZCTA5 15337,-,72917,87000,55192,82083
 15338,ZCTA5 15338,-,63750,86250,59583,71094
 15340,ZCTA5 15340,-,-,69850,-,118958
 15341,ZCTA5 15341,-,103750,73571,54688,76944
 15342,ZCTA5 15342,23182,108365,117878,58750,104526
 15344,ZCTA5 15344,-,120481,69643,37069,104375
 15345,ZCTA5 15345,49663,64886,64375,46094,65893
 15346,ZCTA5 15346,-,139583,26552,34018,71250
 15347,ZCTA5 15347,-,-,-,-,-
 15348,ZCTA5 15348,-,-,-,-,-
 15349,ZCTA5 15349,-,86429,88500,35583,86518
 15350,ZCTA5 15350,-,-,74167,32022,-
 15351,ZCTA5 15351,-,67156,3849,19391,-
 15352,ZCTA5 15352,61094,68750,51563,30625,66563
 15353,ZCTA5 15353,-,-,-,135875,136000
 15357,ZCTA5 15357,-,84159,108846,53897,83779
 15358,ZCTA5 15358,-,78125,98523,-,97994
 15359,ZCTA5 15359,-,78750,-,-,78009
 15360,ZCTA5 15360,-,72500,95875,64250,105809
 15361,ZCTA5 15361,-,-,141364,-,-
 15362,ZCTA5 15362,-,98542,-,35000,91250
 15363,ZCTA5 15363,-,92656,50898,31071,54133
 15364,ZCTA5 15364,-,51429,70625,56250,72500
 15365,ZCTA5 15365,-,99750,61250,45000,72813
 15366,ZCTA5 15366,-,-,-,39133,-
 15367,ZCTA5 15367,-,174231,197917,70795,187843
 15368,ZCTA5 15368,-,62837,-,25500,54250
 15370,ZCTA5 15370,35714,89615,69189,54282,93547
 15376,ZCTA5 15376,-,125417,104375,68571,102667
 15377,ZCTA5 15377,-,65625,113750,31250,101250
 15378,ZCTA5 15378,-,-,-,-,-
 15379,ZCTA5 15379,-,-,108750,44000,-
 15380,ZCTA5 15380,-,110357,82500,30000,107083
 15401,ZCTA5 15401,34661,68842,62447,40867,77157
 15410,ZCTA5 15410,-,119350,122759,37639,123448
 15411,ZCTA5 15411,-,98750,64338,38036,71667
 15412,ZCTA5 15412,-,-,75735,26667,76250
 15413,ZCTA5 15413,-,-,-,-,89347
 15416,ZCTA5 15416,-,95875,-,-,119196
 15417,ZCTA5 15417,-,72656,69464,38243,79043
 15419,ZCTA5 15419,25179,-,46544,42064,70313
 15420,ZCTA5 15420,-,-,-,-,26786
 15421,ZCTA5 15421,-,-,-,-,-
 15422,ZCTA5 15422,-,-,130819,-,90625
 15423,ZCTA5 15423,-,79750,76964,56125,76375
 15424,ZCTA5 15424,25417,61563,57411,35938,61193
 15425,ZCTA5 15425,52656,73036,63889,34899,73324
 15427,ZCTA5 15427,-,66250,70192,44821,79688
 15428,ZCTA5 15428,-,98068,77031,39837,87250
 15429,ZCTA5 15429,-,-,72574,34737,50250
 15430,ZCTA5 15430,-,103478,43750,68750,68125
 15431,ZCTA5 15431,94271,76667,64537,41467,62083
 15432,ZCTA5 15432,-,78750,106250,41875,79167
 15433,ZCTA5 15433,-,-,-,38393,46111
 15434,ZCTA5 15434,-,78063,88750,19464,77589
 15435,ZCTA5 15435,-,-,-,57917,-
 15436,ZCTA5 15436,33750,49219,66250,40341,66250
 15437,ZCTA5 15437,75954,115139,75104,35368,72386
 15438,ZCTA5 15438,-,107969,63750,53750,89932
 15440,ZCTA5 15440,-,-,-,33839,93542
 15442,ZCTA5 15442,-,103417,50087,39961,80250
 15443,ZCTA5 15443,-,-,-,-,-
 15444,ZCTA5 15444,-,-,-,-,-
 15445,ZCTA5 15445,-,86528,88542,43085,96250
 15446,ZCTA5 15446,-,-,-,-,-
 15447,ZCTA5 15447,-,-,-,-,-
 15448,ZCTA5 15448,-,-,55938,-,71146
 15449,ZCTA5 15449,-,-,-,47601,-
 15450,ZCTA5 15450,-,-,-,-,-
 15451,ZCTA5 15451,-,61576,34300,23333,38750
 15454,ZCTA5 15454,-,-,-,-,-
 15455,ZCTA5 15455,-,-,136618,14069,87083
 15456,ZCTA5 15456,-,-,47083,39050,61563
 15458,ZCTA5 15458,-,-,74415,53350,73887
 15459,ZCTA5 15459,-,77778,89861,30417,87813
 15460,ZCTA5 15460,-,95703,55000,23750,-
 15461,ZCTA5 15461,89750,76750,60139,34784,77533
 15462,ZCTA5 15462,-,-,-,-,-
 15463,ZCTA5 15463,-,-,-,-,-
 15464,ZCTA5 15464,-,-,63889,42222,64028
 15465,ZCTA5 15465,-,-,70313,26250,-
 15466,ZCTA5 15466,-,71250,62917,52727,62917
 15467,ZCTA5 15467,-,69583,37813,69583,77639
 15468,ZCTA5 15468,-,62715,74609,33350,72964
 15469,ZCTA5 15469,-,41168,43438,40636,44866
 15470,ZCTA5 15470,-,141161,105000,38000,110500
 15472,ZCTA5 15472,-,-,-,-,51713
 15473,ZCTA5 15473,113125,104250,73056,55586,85495
 15474,ZCTA5 15474,-,68000,59750,37933,73958
 15475,ZCTA5 15475,-,54474,-,40536,42232
 15476,ZCTA5 15476,-,-,-,-,-
 15477,ZCTA5 15477,-,65417,57404,69583,75156
 15478,ZCTA5 15478,31635,101369,72479,61250,84792
 15479,ZCTA5 15479,-,79000,112708,50927,80867
 15480,ZCTA5 15480,-,49784,57583,24570,63281
 15482,ZCTA5 15482,-,-,86471,31622,51705
 15483,ZCTA5 15483,-,-,-,45750,84375
 15484,ZCTA5 15484,-,91607,-,-,91481
 15486,ZCTA5 15486,-,64722,82500,37632,89375
 15488,ZCTA5 15488,-,-,-,-,-
 15489,ZCTA5 15489,-,-,-,29844,-
 15490,ZCTA5 15490,-,79514,-,38466,59722
 15492,ZCTA5 15492,-,-,-,-,-
 15501,ZCTA5 15501,45486,83313,60590,39924,77475
 15502,ZCTA5 15502,-,-,-,-,83472
 15510,ZCTA5 15510,-,-,-,-,-
 15520,ZCTA5 15520,-,-,51886,-,-
 15521,ZCTA5 15521,-,85000,65000,37692,67188
 15522,ZCTA5 15522,39258,90000,80828,34352,83250
 15530,ZCTA5 15530,51406,90625,68594,47672,70563
 15531,ZCTA5 15531,41650,73333,50781,45250,68700
 15532,ZCTA5 15532,-,29444,91944,-,-
 15533,ZCTA5 15533,28000,51176,53958,39250,52500
 15534,ZCTA5 15534,-,66667,66250,31667,54107
 15535,ZCTA5 15535,-,79583,68512,41354,77273
 15536,ZCTA5 15536,-,34167,44792,66667,52917
 15537,ZCTA5 15537,41875,57575,89939,37917,72321
 15538,ZCTA5 15538,-,93125,78750,50625,74205
 15539,ZCTA5 15539,-,-,16929,-,50833
 15540,ZCTA5 15540,-,75568,80938,65690,65991
 15541,ZCTA5 15541,31250,73917,76250,32238,75117
 15542,ZCTA5 15542,61250,66500,65938,32250,51071
 15544,ZCTA5 15544,-,-,80652,-,74188
 15545,ZCTA5 15545,66250,70625,71250,32885,68125
 15546,ZCTA5 15546,-,-,98636,-,84844
 15547,ZCTA5 15547,-,-,"250,000+",58611,59028
 15550,ZCTA5 15550,-,92679,61250,24732,80481
 15551,ZCTA5 15551,-,89167,-,52000,69474
 15552,ZCTA5 15552,47292,65764,80481,51329,75313
 15554,ZCTA5 15554,-,61667,120172,36400,93289
 15555,ZCTA5 15555,-,91667,-,-,88958
 15557,ZCTA5 15557,53750,77105,69792,34891,73882
 15558,ZCTA5 15558,66250,76354,85536,42250,76842
 15559,ZCTA5 15559,-,89632,64375,40278,77976
 15560,ZCTA5 15560,-,-,-,35938,61250
 15561,ZCTA5 15561,-,54125,-,51250,68750
 15562,ZCTA5 15562,-,92813,78393,119375,93125
 15563,ZCTA5 15563,-,90000,57172,47109,71324
 15564,ZCTA5 15564,-,115625,-,19167,46250
 15565,ZCTA5 15565,-,-,-,-,-
 15601,ZCTA5 15601,32069,83693,92609,54503,96068
 15610,ZCTA5 15610,-,87826,68425,38462,71019
 15611,ZCTA5 15611,-,-,-,-,40809
 15612,ZCTA5 15612,-,35000,89615,-,61500
 15613,ZCTA5 15613,62961,96406,82212,47147,83406
 15615,ZCTA5 15615,-,-,148431,92604,147672
 15616,ZCTA5 15616,-,-,-,107853,108721
 15617,ZCTA5 15617,-,98500,97813,55313,98056
 15618,ZCTA5 15618,-,75694,85179,34559,82019
 15619,ZCTA5 15619,-,-,-,-,-
 15620,ZCTA5 15620,-,98346,-,45865,84500
 15622,ZCTA5 15622,-,106085,132375,61339,119299
 15623,ZCTA5 15623,-,51399,-,66442,-
 15624,ZCTA5 15624,-,-,-,-,-
 15625,ZCTA5 15625,-,-,-,-,-
 15626,ZCTA5 15626,-,105714,101379,43929,114323
 15627,ZCTA5 15627,-,78750,76304,37485,76685
 15628,ZCTA5 15628,-,-,128125,56250,-
 15629,ZCTA5 15629,13750,51094,55865,39107,56776
 15631,ZCTA5 15631,-,71250,55625,50833,61500
 15632,ZCTA5 15632,21667,140331,110568,63241,133333
 15633,ZCTA5 15633,-,77386,-,65156,106713
 15634,ZCTA5 15634,-,69688,-,32143,48295
 15635,ZCTA5 15635,-,-,-,-,-
 15636,ZCTA5 15636,-,165781,149042,78720,151179
 15637,ZCTA5 15637,-,102262,88194,42790,67354
 15638,ZCTA5 15638,-,-,-,-,-
 15639,ZCTA5 15639,-,76750,73998,44904,75341
 15640,ZCTA5 15640,-,-,73958,-,78813
 15641,ZCTA5 15641,-,57500,89688,40625,79167
 15642,ZCTA5 15642,51156,111648,107143,51989,112111
 15644,ZCTA5 15644,-,69302,66458,51628,84320
 15646,ZCTA5 15646,-,117250,63542,-,64201
 15647,ZCTA5 15647,-,-,-,-,-
 15650,ZCTA5 15650,66481,75078,73083,47191,86022
 15655,ZCTA5 15655,-,130313,39375,-,40147
 15656,ZCTA5 15656,-,83917,81852,49435,82317
 15658,ZCTA5 15658,41029,71659,94737,62138,94224
 15660,ZCTA5 15660,-,-,-,50500,75568
 15661,ZCTA5 15661,-,85714,99485,43750,76495
 15662,ZCTA5 15662,-,-,78878,-,78878
 15663,ZCTA5 15663,-,106902,105313,-,106065
 15665,ZCTA5 15665,-,-,120833,-,106250
 15666,ZCTA5 15666,31173,75929,72039,42500,80559
 15668,ZCTA5 15668,-,146250,164877,90141,139737
 15670,ZCTA5 15670,-,112767,92788,59391,75694
 15671,ZCTA5 15671,-,44052,-,72583,51726
 15672,ZCTA5 15672,48750,90227,98419,44135,95511
 15673,ZCTA5 15673,47500,92250,67500,31510,86429
 15674,ZCTA5 15674,-,-,107955,48304,109432
 15675,ZCTA5 15675,-,75655,58542,48958,72292
 15676,ZCTA5 15676,-,157955,-,48750,124167
 15677,ZCTA5 15677,-,-,41397,38125,53333
 15678,ZCTA5 15678,-,35806,89479,40577,89271
 15679,ZCTA5 15679,-,57727,102269,50313,84352
 15680,ZCTA5 15680,-,-,-,-,66607
 15681,ZCTA5 15681,47946,82872,72500,48482,79397
 15682,ZCTA5 15682,-,63929,100625,-,99432
 15683,ZCTA5 15683,-,80556,63519,37757,68654
 15684,ZCTA5 15684,-,82679,98491,46534,80000
 15686,ZCTA5 15686,-,-,96500,42628,76875
 15687,ZCTA5 15687,-,64135,74375,40375,63462
 15688,ZCTA5 15688,-,108359,125682,37222,108281
 15689,ZCTA5 15689,-,-,-,70781,83646
 15690,ZCTA5 15690,48092,53953,57079,42703,59679
 15691,ZCTA5 15691,-,-,156563,-,155750
 15692,ZCTA5 15692,-,78750,-,37697,88241
 15693,ZCTA5 15693,-,-,70000,-,75694
 15695,ZCTA5 15695,-,-,-,-,110650
 15696,ZCTA5 15696,-,62500,97500,61250,80000
 15697,ZCTA5 15697,-,81479,82667,42821,82057
 15698,ZCTA5 15698,-,76154,-,48966,55714
 15701,ZCTA5 15701,24036,68125,82007,49119,90158
 15705,ZCTA5 15705,-,-,-,-,-
 15710,ZCTA5 15710,-,63646,122847,28000,-
 15711,ZCTA5 15711,-,64306,33750,42917,50625
 15712,ZCTA5 15712,-,-,-,17206,48750
 15713,ZCTA5 15713,-,96190,-,-,-
 15714,ZCTA5 15714,60057,45913,67639,28843,55446
 15715,ZCTA5 15715,-,52222,75096,31875,60500
 15716,ZCTA5 15716,-,-,-,30969,-
 15717,ZCTA5 15717,52885,67299,82500,55721,82109
 15720,ZCTA5 15720,-,59375,66402,27125,66128
 15721,ZCTA5 15721,-,-,60833,40833,48500
 15722,ZCTA5 15722,65583,110221,64940,50089,93500
 15723,ZCTA5 15723,-,-,-,-,-
 15724,ZCTA5 15724,-,80156,64375,40781,71833
 15725,ZCTA5 15725,-,-,103646,46500,87917
 15727,ZCTA5 15727,-,61875,61786,33958,68750
 15728,ZCTA5 15728,-,85575,50938,44688,70125
 15729,ZCTA5 15729,-,88558,54615,-,83750
 15730,ZCTA5 15730,-,-,61161,46875,68214
 15731,ZCTA5 15731,-,-,53211,-,-
 15732,ZCTA5 15732,-,88500,51964,44141,58750
 15733,ZCTA5 15733,-,-,-,-,-
 15734,ZCTA5 15734,-,-,-,47386,-
 15736,ZCTA5 15736,-,79583,58214,39375,67292
 15737,ZCTA5 15737,-,58750,"2,500-",49167,93438
 15738,ZCTA5 15738,-,42813,92917,-,51806
 15739,ZCTA5 15739,-,74063,64375,41875,72083
 15741,ZCTA5 15741,-,106250,-,71250,84688
 15742,ZCTA5 15742,-,91944,67500,35602,77188
 15744,ZCTA5 15744,-,93750,-,-,120313
 15745,ZCTA5 15745,-,125000,-,19063,94423
 15746,ZCTA5 15746,-,-,50625,35500,98182
 15747,ZCTA5 15747,-,64231,64191,46833,77917
 15748,ZCTA5 15748,-,62269,72635,47064,73293
 15750,ZCTA5 15750,-,-,-,99286,97679
 15752,ZCTA5 15752,-,-,-,20536,-
 15753,ZCTA5 15753,-,55000,75417,28125,58438
 15754,ZCTA5 15754,-,-,-,31417,-
 15756,ZCTA5 15756,-,61250,32083,27500,51750
 15757,ZCTA5 15757,43977,73250,54875,34167,52411
 15759,ZCTA5 15759,58846,69375,93313,41087,81161
 15760,ZCTA5 15760,-,-,-,-,54583
 15761,ZCTA5 15761,-,-,-,-,-
 15762,ZCTA5 15762,-,111250,93125,39554,90357
 15763,ZCTA5 15763,-,-,-,-,-
 15764,ZCTA5 15764,-,-,66786,44167,59583
 15765,ZCTA5 15765,-,86094,80208,72955,81250
 15767,ZCTA5 15767,47738,58259,67188,37373,66778
 15770,ZCTA5 15770,-,22321,65000,49375,70208
 15771,ZCTA5 15771,68125,69432,74583,43438,62917
 15772,ZCTA5 15772,-,76313,49583,19276,66875
 15773,ZCTA5 15773,-,56136,60833,60250,61518
 15774,ZCTA5 15774,-,90625,97292,47639,78500
 15775,ZCTA5 15775,-,-,65977,74545,97875
 15776,ZCTA5 15776,-,-,-,23864,-
 15777,ZCTA5 15777,-,-,-,-,-
 15778,ZCTA5 15778,-,82188,66250,-,115833
 15779,ZCTA5 15779,-,-,41466,-,51083
 15780,ZCTA5 15780,-,81667,71250,26250,66667
 15781,ZCTA5 15781,-,-,31667,48438,48438
 15783,ZCTA5 15783,-,-,-,-,59375
 15784,ZCTA5 15784,-,-,98750,52000,77500
 15801,ZCTA5 15801,41944,61657,77561,56677,78227
 15821,ZCTA5 15821,-,-,42361,43125,50625
 15823,ZCTA5 15823,-,50417,64583,43750,80865
 15824,ZCTA5 15824,59750,63839,81729,38452,71736
 15825,ZCTA5 15825,30625,63866,75286,45200,72039
 15827,ZCTA5 15827,-,-,86066,67000,85772
 15828,ZCTA5 15828,-,-,41786,50357,78125
 15829,ZCTA5 15829,-,73125,82917,47083,70313
 15831,ZCTA5 15831,-,-,-,-,-
 15832,ZCTA5 15832,-,-,54167,36875,50000
 15834,ZCTA5 15834,30750,46711,55885,42292,56913
 15840,ZCTA5 15840,-,58281,64688,47386,65625
 15841,ZCTA5 15841,-,-,24258,-,-
 15845,ZCTA5 15845,55438,84375,63214,39541,73158
 15846,ZCTA5 15846,-,79135,96765,36768,87031
 15847,ZCTA5 15847,-,76667,-,-,81667
 15848,ZCTA5 15848,-,59167,59583,43438,67569
 15849,ZCTA5 15849,-,55481,67500,47500,70000
 15851,ZCTA5 15851,-,62227,71101,37763,72500
 15853,ZCTA5 15853,-,68226,71917,46157,81115
 15856,ZCTA5 15856,-,83750,66563,42500,75208
 15857,ZCTA5 15857,-,73075,80000,45521,84962
 15860,ZCTA5 15860,-,91250,63287,45568,71176
 15861,ZCTA5 15861,-,-,81875,70833,82500
 15863,ZCTA5 15863,-,100313,-,18750,93750
 15864,ZCTA5 15864,-,72500,68611,48214,71458
 15865,ZCTA5 15865,28438,86500,47417,33324,77500
 15866,ZCTA5 15866,-,71250,117500,-,75833
 15868,ZCTA5 15868,-,89375,82500,35357,77708
 15870,ZCTA5 15870,33958,76964,50694,47917,72083
 15901,ZCTA5 15901,31250,38312,16949,25960,41932
 15902,ZCTA5 15902,-,46925,47723,39577,50852
 15904,ZCTA5 15904,29800,82278,89595,42281,87143
 15905,ZCTA5 15905,-,78711,83792,45484,92995
 15906,ZCTA5 15906,25563,35242,51983,30110,51182
 15909,ZCTA5 15909,40278,72969,65449,41769,67018
 15920,ZCTA5 15920,-,170288,108906,32250,85000
 15921,ZCTA5 15921,-,-,48534,46667,48000
 15922,ZCTA5 15922,-,-,-,-,-
 15923,ZCTA5 15923,-,108750,78295,34844,89306
 15924,ZCTA5 15924,-,91875,53929,37000,80625
 15925,ZCTA5 15925,-,73333,56250,-,63750
 15926,ZCTA5 15926,-,67917,93304,36563,81500
 15927,ZCTA5 15927,-,-,-,43393,86845
 15928,ZCTA5 15928,-,128182,-,39063,99393
 15929,ZCTA5 15929,-,-,-,-,90893
 15930,ZCTA5 15930,-,-,136434,-,136316
 15931,ZCTA5 15931,49181,98750,87757,50163,87859
 15934,ZCTA5 15934,-,-,-,-,-
 15935,ZCTA5 15935,-,80449,77105,46406,71375
 15936,ZCTA5 15936,-,60139,93697,46364,87938
 15937,ZCTA5 15937,-,-,55889,-,82150
 15938,ZCTA5 15938,-,73750,68542,43875,74750
 15940,ZCTA5 15940,-,123125,95236,57188,106250
 15942,ZCTA5 15942,-,101627,78750,49609,92679
 15943,ZCTA5 15943,20956,74583,49980,30789,69185
 15944,ZCTA5 15944,86458,91071,83333,42875,89286
 15945,ZCTA5 15945,-,-,98036,21375,105500
 15946,ZCTA5 15946,47000,71207,77500,41922,80476
 15948,ZCTA5 15948,-,-,51406,-,-
 15949,ZCTA5 15949,-,56957,108041,38088,93125
 15951,ZCTA5 15951,-,-,-,35786,-
 15952,ZCTA5 15952,-,64481,-,31146,52946
 15953,ZCTA5 15953,-,-,-,-,-
 15954,ZCTA5 15954,-,65244,55833,22500,55500
 15955,ZCTA5 15955,-,118750,65750,46688,75893
 15956,ZCTA5 15956,-,70500,62835,32941,64728
 15957,ZCTA5 15957,-,76250,83571,-,97500
 15958,ZCTA5 15958,69313,55833,86875,56150,80408
 15960,ZCTA5 15960,-,70500,63750,-,71750
 15961,ZCTA5 15961,-,73707,35938,43631,64063
 15962,ZCTA5 15962,-,102500,87500,53125,61500
 15963,ZCTA5 15963,-,91475,67483,35429,79208
 16001,ZCTA5 16001,34531,86690,68680,43056,89891
 16002,ZCTA5 16002,-,96652,98860,59162,94099
 16020,ZCTA5 16020,-,89917,90833,46042,89375
 16022,ZCTA5 16022,-,96250,70750,44375,68750
 16023,ZCTA5 16023,-,115880,86611,35296,85865
 16024,ZCTA5 16024,-,97679,131071,-,110833
 16025,ZCTA5 16025,-,97000,80774,51625,90825
 16027,ZCTA5 16027,-,-,166667,48750,77875
 16028,ZCTA5 16028,-,98750,81563,38516,82500
 16029,ZCTA5 16029,79000,56078,54408,32396,53875
 16030,ZCTA5 16030,-,103125,57188,67000,68125
 16033,ZCTA5 16033,-,92050,100306,65071,103333
 16034,ZCTA5 16034,67031,93333,94271,75391,93717
 16035,ZCTA5 16035,-,61250,116667,-,76250
 16036,ZCTA5 16036,-,110278,68750,51250,78750
 16037,ZCTA5 16037,56053,110625,96055,69147,99375
 16038,ZCTA5 16038,60227,77500,86573,53750,85671
 16040,ZCTA5 16040,-,95625,103571,46667,99583
 16041,ZCTA5 16041,-,65417,102604,53393,78466
 16045,ZCTA5 16045,-,-,105625,73750,114000
 16046,ZCTA5 16046,-,141419,148960,65167,153178
 16048,ZCTA5 16048,-,46389,94219,41389,71000
 16049,ZCTA5 16049,-,70000,77083,44653,73594
 16050,ZCTA5 16050,-,80417,62917,39792,79000
 16051,ZCTA5 16051,-,105250,86750,46500,103988
 16052,ZCTA5 16052,-,104375,89531,59167,87578
 16053,ZCTA5 16053,-,115397,84779,50647,100404
 16054,ZCTA5 16054,23750,81250,65625,47639,77500
 16055,ZCTA5 16055,-,131331,120875,59550,105522
 16056,ZCTA5 16056,-,89900,104306,56111,102930
 16057,ZCTA5 16057,18810,58469,81902,68000,93165
 16059,ZCTA5 16059,-,145573,105349,53438,107331
 16061,ZCTA5 16061,-,80167,112292,43438,79375
 16063,ZCTA5 16063,34375,117662,99917,48627,111906
 16066,ZCTA5 16066,48873,137857,141369,68109,145121
 16101,ZCTA5 16101,34063,58376,55034,37180,63152
 16102,ZCTA5 16102,85568,67500,61875,45912,69000
 16105,ZCTA5 16105,48523,94638,80833,45938,93620
 16110,ZCTA5 16110,-,150368,81563,39000,81184
 16111,ZCTA5 16111,-,76250,86250,29500,76042
 16112,ZCTA5 16112,76528,86250,112721,34125,99583
 16113,ZCTA5 16113,-,153750,96250,52500,102500
 16114,ZCTA5 16114,-,67917,81250,41667,72750
 16115,ZCTA5 16115,-,71484,90326,36116,90645
 16116,ZCTA5 16116,-,93523,66448,45573,72212
 16117,ZCTA5 16117,42122,79702,85193,41696,81614
 16120,ZCTA5 16120,-,92679,77750,37091,74350
 16121,ZCTA5 16121,"2,500-",14037,37478,34948,34828
 16123,ZCTA5 16123,-,89167,146250,77500,113828
 16124,ZCTA5 16124,-,54083,70833,46477,66563
 16125,ZCTA5 16125,38429,63138,69937,38019,68902
 16127,ZCTA5 16127,38750,86083,90658,41797,90794
 16130,ZCTA5 16130,38750,76042,70375,41905,65446
 16131,ZCTA5 16131,-,72500,76667,28872,72813
 16132,ZCTA5 16132,-,100875,-,22500,-
 16133,ZCTA5 16133,41250,106579,79688,56458,84688
 16134,ZCTA5 16134,49500,67031,74000,47689,70357
 16136,ZCTA5 16136,-,62188,58333,41250,75083
 16137,ZCTA5 16137,57708,82813,79931,48250,83289
 16140,ZCTA5 16140,-,-,73793,-,100114
 16141,ZCTA5 16141,-,82880,69243,35000,71250
 16142,ZCTA5 16142,-,115325,90417,54125,103958
 16143,ZCTA5 16143,-,39563,113100,56087,87214
 16145,ZCTA5 16145,28846,90163,67000,55500,71875
 16146,ZCTA5 16146,20647,52842,40466,34429,61250
 16148,ZCTA5 16148,29075,85319,90125,48551,89701
 16150,ZCTA5 16150,-,64550,91000,41134,81135
 16151,ZCTA5 16151,-,67813,-,-,70625
 16153,ZCTA5 16153,-,61250,71250,44250,74375
 16154,ZCTA5 16154,-,93257,68482,44352,72708
 16155,ZCTA5 16155,-,-,-,-,-
 16156,ZCTA5 16156,46563,66477,92625,45341,81429
 16157,ZCTA5 16157,95313,61563,77969,40909,80855
 16159,ZCTA5 16159,-,106962,68421,51534,84360
 16160,ZCTA5 16160,-,41642,41250,38259,45804
 16161,ZCTA5 16161,-,46250,77679,32188,55625
 16172,ZCTA5 16172,-,-,-,-,-
 16201,ZCTA5 16201,34783,88246,85131,40775,90132
 16210,ZCTA5 16210,-,94583,61250,23750,78125
 16211,ZCTA5 16211,-,-,71250,28750,-
 16212,ZCTA5 16212,-,63750,48500,45625,83750
 16213,ZCTA5 16213,-,97917,85417,35938,79375
 16214,ZCTA5 16214,19840,61972,93952,42813,88750
 16217,ZCTA5 16217,-,-,40833,55313,55234
 16218,ZCTA5 16218,-,84583,75000,37083,76071
 16220,ZCTA5 16220,-,-,-,-,-
 16222,ZCTA5 16222,43051,75833,65000,47167,63571
 16223,ZCTA5 16223,-,-,146250,-,99167
 16224,ZCTA5 16224,-,80313,77344,59135,75509
 16226,ZCTA5 16226,-,73839,76402,35790,76397
 16228,ZCTA5 16228,-,91250,47500,41250,61875
 16229,ZCTA5 16229,60833,62365,98083,58464,91111
 16230,ZCTA5 16230,-,63750,43929,40357,57917
 16232,ZCTA5 16232,-,69688,71250,39070,61806
 16233,ZCTA5 16233,-,126250,90938,80966,94044
 16235,ZCTA5 16235,-,130738,64922,46000,101875
 16236,ZCTA5 16236,-,-,-,-,-
 16238,ZCTA5 16238,-,75000,98000,73077,92000
 16239,ZCTA5 16239,-,49250,53295,36071,51544
 16240,ZCTA5 16240,-,68750,61250,44792,72396
 16242,ZCTA5 16242,40417,72188,72614,35764,72273
 16244,ZCTA5 16244,-,46429,62167,21680,44375
 16245,ZCTA5 16245,-,51111,54722,23359,51806
 16246,ZCTA5 16246,-,-,79000,34375,48750
 16248,ZCTA5 16248,24375,60078,70481,42042,65583
 16249,ZCTA5 16249,-,93438,104659,63056,89706
 16250,ZCTA5 16250,-,68750,-,-,58393
 16253,ZCTA5 16253,-,127596,66250,-,88750
 16254,ZCTA5 16254,39688,83854,68026,39732,69602
 16255,ZCTA5 16255,74375,85000,64464,37212,78594
 16256,ZCTA5 16256,24348,66250,85385,47955,58875
 16258,ZCTA5 16258,-,60000,61875,25455,59323
 16259,ZCTA5 16259,-,61719,65125,36667,63950
 16260,ZCTA5 16260,-,-,-,26161,-
 16262,ZCTA5 16262,47708,95208,103594,43967,94712
 16263,ZCTA5 16263,-,82625,-,49500,56618
 16301,ZCTA5 16301,22625,56005,65208,46426,70818
 16311,ZCTA5 16311,-,74643,108571,23194,91250
 16312,ZCTA5 16312,-,-,-,-,-
 16313,ZCTA5 16313,80250,72917,63654,29063,71667
 16314,ZCTA5 16314,57188,73967,69474,50667,73690
 16316,ZCTA5 16316,-,77500,76157,40486,84850
 16317,ZCTA5 16317,38750,62679,57727,46250,62750
 16319,ZCTA5 16319,-,-,75313,51458,64318
 16321,ZCTA5 16321,-,-,25000,-,-
 16322,ZCTA5 16322,-,-,28438,21071,63542
 16323,ZCTA5 16323,31250,70900,69417,49259,75838
 16326,ZCTA5 16326,-,59792,87188,83333,86771
 16327,ZCTA5 16327,-,80313,67083,47266,78472
 16328,ZCTA5 16328,-,-,65625,29250,70000
 16329,ZCTA5 16329,-,78906,66923,33583,78077
 16331,ZCTA5 16331,-,-,104722,36154,103611
 16332,ZCTA5 16332,-,-,88750,21364,88750
 16333,ZCTA5 16333,-,-,42159,29583,44688
 16334,ZCTA5 16334,-,95750,104583,-,95500
 16335,ZCTA5 16335,36857,63389,66352,49442,70570
 16340,ZCTA5 16340,63333,76375,70978,37679,73409
 16341,ZCTA5 16341,48125,72000,60227,42000,69688
 16342,ZCTA5 16342,-,75833,80066,50938,73875
 16343,ZCTA5 16343,-,-,62083,-,74750
 16344,ZCTA5 16344,-,58750,52813,29643,62917
 16345,ZCTA5 16345,-,106630,101500,57813,99464
 16346,ZCTA5 16346,-,63750,60188,68214,72440
 16347,ZCTA5 16347,-,54375,75208,52679,57708
 16350,ZCTA5 16350,-,62417,70833,46172,75294
 16351,ZCTA5 16351,-,56250,54107,36583,52847
 16352,ZCTA5 16352,-,129432,34375,65417,48906
 16353,ZCTA5 16353,-,62813,61250,35859,66842
 16354,ZCTA5 16354,61053,52115,46466,38469,55227
 16360,ZCTA5 16360,29063,85000,79375,41389,89000
 16361,ZCTA5 16361,-,-,-,-,-
 16362,ZCTA5 16362,-,90833,76250,52891,72500
 16364,ZCTA5 16364,-,98125,97589,62083,96058
 16365,ZCTA5 16365,33977,73412,67092,42644,74141
 16370,ZCTA5 16370,-,-,-,41250,-
 16371,ZCTA5 16371,34583,64167,57031,39950,64038
 16372,ZCTA5 16372,-,70469,-,27639,73929
 16373,ZCTA5 16373,59375,74954,88060,37500,85769
 16374,ZCTA5 16374,-,68750,71667,30972,68125
 16401,ZCTA5 16401,-,89103,83082,51638,84147
 16402,ZCTA5 16402,-,74427,78438,48333,83125
 16403,ZCTA5 16403,60833,66953,84125,45966,83487
 16404,ZCTA5 16404,23333,65357,60268,54643,67554
 16405,ZCTA5 16405,-,122656,91667,43333,88542
 16406,ZCTA5 16406,57188,75926,73417,44107,73611
 16407,ZCTA5 16407,27829,60378,57348,46389,68333
 16410,ZCTA5 16410,-,104643,116818,57750,108611
 16411,ZCTA5 16411,-,-,73611,64583,76458
 16412,ZCTA5 16412,15250,65429,105373,47628,85952
 16415,ZCTA5 16415,-,122794,100404,67143,115238
 16416,ZCTA5 16416,-,-,45625,-,30625
 16417,ZCTA5 16417,29400,100724,87844,54559,88244
 16420,ZCTA5 16420,-,70833,61500,35417,58250
 16421,ZCTA5 16421,-,111903,75389,51176,78393
 16422,ZCTA5 16422,-,-,65000,-,93750
 16423,ZCTA5 16423,-,82857,72656,53015,76544
 16424,ZCTA5 16424,-,72019,54167,39958,70202
 16426,ZCTA5 16426,28819,93542,102723,52083,92528
 16427,ZCTA5 16427,-,52917,56875,50714,-
 16428,ZCTA5 16428,-,81667,73125,50212,83592
 16430,ZCTA5 16430,-,-,104625,-,104250
 16433,ZCTA5 16433,46250,87083,72295,51157,77321
 16434,ZCTA5 16434,33125,44554,73325,38750,60481
 16435,ZCTA5 16435,-,50972,57292,44196,61350
 16436,ZCTA5 16436,-,72188,65000,37337,58438
 16438,ZCTA5 16438,-,73333,65000,41594,67230
 16440,ZCTA5 16440,-,69602,61875,72500,74688
 16441,ZCTA5 16441,-,67841,95625,48504,79281
 16442,ZCTA5 16442,93438,86667,82188,52024,81346
 16443,ZCTA5 16443,-,-,65645,67386,75060
 16444,ZCTA5 16444,-,-,-,-,-
 16475,ZCTA5 16475,-,-,-,-,-
 16501,ZCTA5 16501,-,"2,500-",15079,13250,-
 16502,ZCTA5 16502,27962,37643,43636,33510,50417
 16503,ZCTA5 16503,27467,27250,38317,27338,36886
 16504,ZCTA5 16504,-,47004,70079,40417,62232
 16505,ZCTA5 16505,32757,77468,87075,55100,95077
 16506,ZCTA5 16506,40809,98267,110680,56313,109017
 16507,ZCTA5 16507,-,44315,29397,22319,42917
 16508,ZCTA5 16508,28578,61570,59738,38632,68161
 16509,ZCTA5 16509,45128,79027,82102,52791,84594
 16510,ZCTA5 16510,-,73396,77051,48180,74413
 16511,ZCTA5 16511,-,60081,89904,42482,70759
 16546,ZCTA5 16546,-,-,-,-,-
 16550,ZCTA5 16550,-,-,-,-,-
 16563,ZCTA5 16563,-,-,-,-,-
 16601,ZCTA5 16601,24569,59528,67799,44528,77738
 16602,ZCTA5 16602,36250,69389,57934,39411,69602
 16611,ZCTA5 16611,-,72188,78750,51786,81597
 16613,ZCTA5 16613,-,106000,100568,34529,104219
 16616,ZCTA5 16616,-,-,33281,31250,33906
 16617,ZCTA5 16617,103542,81818,60625,38068,89861
 16619,ZCTA5 16619,-,100313,94167,34375,101786
 16620,ZCTA5 16620,-,60500,71250,42500,60833
 16621,ZCTA5 16621,-,80750,76250,46250,80568
 16622,ZCTA5 16622,-,-,118750,43333,59583
 16623,ZCTA5 16623,-,88125,83750,32500,88125
 16624,ZCTA5 16624,-,109375,91250,38750,111250
 16625,ZCTA5 16625,-,68333,61897,45395,71818
 16627,ZCTA5 16627,-,54688,66719,39524,64375
 16630,ZCTA5 16630,43250,80595,75833,39922,79929
 16631,ZCTA5 16631,-,-,-,31875,-
 16633,ZCTA5 16633,-,85764,70000,-,85069
 16634,ZCTA5 16634,-,52500,52500,60263,60278
 16635,ZCTA5 16635,58403,90962,95682,43994,90654
 16636,ZCTA5 16636,-,119375,87969,50500,89688
 16637,ZCTA5 16637,-,79844,-,59135,81364
 16638,ZCTA5 16638,-,-,110625,-,116250
 16639,ZCTA5 16639,-,96875,71695,39000,71690
 16640,ZCTA5 16640,-,87321,44844,48333,61250
 16641,ZCTA5 16641,-,64135,65375,45357,72417
 16645,ZCTA5 16645,-,88750,85000,29013,85069
 16646,ZCTA5 16646,51250,60417,85378,46645,63750
 16647,ZCTA5 16647,-,88864,89844,45972,90417
 16648,ZCTA5 16648,-,90954,101289,52557,97351
 16650,ZCTA5 16650,-,82946,74688,36023,75438
 16651,ZCTA5 16651,66875,84583,81250,34583,77188
 16652,ZCTA5 16652,-,61806,84912,52292,77649
 16654,ZCTA5 16654,-,-,-,-,-
 16655,ZCTA5 16655,-,79750,76667,49279,80000
 16656,ZCTA5 16656,-,75833,44875,43125,63500
 16657,ZCTA5 16657,-,69583,83125,41250,72083
 16659,ZCTA5 16659,-,68333,23750,43750,60000
 16661,ZCTA5 16661,-,63750,54779,46000,57083
 16662,ZCTA5 16662,44500,91042,58922,51902,81198
 16664,ZCTA5 16664,73438,96250,86250,33750,75278
 16665,ZCTA5 16665,-,-,-,28250,128424
 16666,ZCTA5 16666,-,74236,71269,27284,53587
 16667,ZCTA5 16667,-,137708,62266,38718,62273
 16668,ZCTA5 16668,38750,65655,85119,39948,72321
 16669,ZCTA5 16669,-,79931,91818,43125,81875
 16670,ZCTA5 16670,-,68438,-,20357,87813
 16671,ZCTA5 16671,-,93750,72500,31563,75250
 16672,ZCTA5 16672,-,-,-,36406,83750
 16673,ZCTA5 16673,-,81938,87663,35598,85750
 16674,ZCTA5 16674,-,59500,63438,32222,65000
 16675,ZCTA5 16675,-,37500,78542,34583,39063
 16677,ZCTA5 16677,-,-,-,-,-
 16678,ZCTA5 16678,44261,76932,66389,45455,66042
 16679,ZCTA5 16679,-,63125,40000,43409,44514
 16680,ZCTA5 16680,-,106250,71250,54167,98333
 16682,ZCTA5 16682,-,-,-,-,-
 16683,ZCTA5 16683,-,76250,84250,80625,87917
 16684,ZCTA5 16684,-,-,-,-,-
 16685,ZCTA5 16685,-,131602,70714,-,131047
 16686,ZCTA5 16686,40000,64565,81128,47793,84643
 16689,ZCTA5 16689,43571,73333,51000,59063,58125
 16691,ZCTA5 16691,-,-,87917,36250,91667
 16692,ZCTA5 16692,-,90612,90625,28646,70625
 16693,ZCTA5 16693,-,79063,74583,41071,83889
 16694,ZCTA5 16694,-,61563,80625,18750,62614
 16695,ZCTA5 16695,60250,76250,98125,34167,82500
 16699,ZCTA5 16699,-,-,-,-,-
 16701,ZCTA5 16701,52931,54031,68410,45110,73258
 16720,ZCTA5 16720,-,54750,51250,41000,60000
 16724,ZCTA5 16724,-,-,84167,38393,82917
 16725,ZCTA5 16725,-,-,-,-,-
 16726,ZCTA5 16726,-,44444,-,58750,68250
 16727,ZCTA5 16727,-,-,-,-,84338
 16729,ZCTA5 16729,-,65114,69583,54135,67411
 16730,ZCTA5 16730,-,-,-,-,-
 16731,ZCTA5 16731,-,80000,70938,38512,75074
 16732,ZCTA5 16732,-,-,61743,49276,69107
 16733,ZCTA5 16733,-,-,-,48571,49821
 16734,ZCTA5 16734,-,-,61375,36667,59286
 16735,ZCTA5 16735,50625,61875,78409,36184,69083
 16738,ZCTA5 16738,-,92292,75547,52768,82250
 16740,ZCTA5 16740,-,83068,53194,31429,65500
 16743,ZCTA5 16743,-,62708,76432,44125,75616
 16744,ZCTA5 16744,-,-,91042,-,83750
 16745,ZCTA5 16745,-,101719,80250,30156,71094
 16746,ZCTA5 16746,-,68295,58920,61563,68214
 16748,ZCTA5 16748,63021,62167,65000,40139,64191
 16749,ZCTA5 16749,36250,80625,75909,47880,71393
 16750,ZCTA5 16750,-,131250,115485,46250,115561
 16801,ZCTA5 16801,18348,78650,115533,64363,124805
 16802,ZCTA5 16802,-,-,-,-,-
 16803,ZCTA5 16803,13613,67536,128542,81117,120760
 16820,ZCTA5 16820,53000,-,70729,44844,101250
 16821,ZCTA5 16821,-,-,95208,-,97292
 16822,ZCTA5 16822,-,80625,85179,36667,85375
 16823,ZCTA5 16823,27170,86042,91188,54550,97912
 16825,ZCTA5 16825,-,67806,-,-,63750
 16826,ZCTA5 16826,-,-,56053,-,77750
 16827,ZCTA5 16827,-,117432,123854,96184,122500
 16828,ZCTA5 16828,-,95000,83542,58272,91094
 16829,ZCTA5 16829,39063,114167,92917,39306,87500
 16830,ZCTA5 16830,42750,56532,62909,39625,66833
 16832,ZCTA5 16832,-,53438,103750,29904,52917
 16833,ZCTA5 16833,-,74141,68889,35759,66100
 16834,ZCTA5 16834,-,106582,110762,35000,110305
 16835,ZCTA5 16835,-,56528,96875,33750,73750
 16836,ZCTA5 16836,66667,69205,69167,33125,65833
 16837,ZCTA5 16837,-,-,-,-,36979
 16838,ZCTA5 16838,-,71250,70208,35000,63333
 16839,ZCTA5 16839,-,77986,99792,41250,78542
 16840,ZCTA5 16840,-,-,56750,-,52070
 16841,ZCTA5 16841,-,75795,86689,44004,83750
 16843,ZCTA5 16843,-,-,47760,-,60625
 16844,ZCTA5 16844,-,87019,93125,49306,93203
 16845,ZCTA5 16845,-,90625,68750,47917,73839
 16847,ZCTA5 16847,-,-,68250,-,61563
 16848,ZCTA5 16848,-,80682,57250,42000,80114
 16849,ZCTA5 16849,-,-,-,29821,-
 16851,ZCTA5 16851,-,43005,94072,63462,93239
 16852,ZCTA5 16852,-,-,55625,17273,71875
 16853,ZCTA5 16853,-,69886,-,19293,69205
 16854,ZCTA5 16854,-,91136,51875,31779,77417
 16855,ZCTA5 16855,-,-,-,-,-
 16856,ZCTA5 16856,-,-,-,-,-
 16858,ZCTA5 16858,-,68875,85427,37105,75595
 16859,ZCTA5 16859,-,73438,78542,37083,97115
 16860,ZCTA5 16860,-,-,71168,-,87188
 16861,ZCTA5 16861,-,-,63125,20606,57917
 16863,ZCTA5 16863,-,83462,76250,40000,74034
 16864,ZCTA5 16864,-,-,23000,25313,70750
 16865,ZCTA5 16865,-,98063,135563,36917,94931
 16866,ZCTA5 16866,56125,69375,58125,42738,70893
 16868,ZCTA5 16868,-,-,65167,-,145389
 16870,ZCTA5 16870,-,123447,114773,78000,126905
 16871,ZCTA5 16871,-,-,-,-,71339
 16872,ZCTA5 16872,50500,82292,84318,43333,78375
 16874,ZCTA5 16874,-,71875,95000,33182,88487
 16875,ZCTA5 16875,-,69583,73333,41932,75556
 16876,ZCTA5 16876,-,79375,45000,20625,62500
 16877,ZCTA5 16877,-,104464,113750,34673,107434
 16878,ZCTA5 16878,-,61583,74559,45893,69125
 16879,ZCTA5 16879,-,-,-,47841,-
 16881,ZCTA5 16881,-,76400,73162,33962,66425
 16882,ZCTA5 16882,-,82031,50313,40875,81042
 16901,ZCTA5 16901,25515,69188,70265,54524,76864
 16910,ZCTA5 16910,-,-,67500,-,75625
 16911,ZCTA5 16911,-,-,98750,93750,100625
 16912,ZCTA5 16912,82596,78958,78750,46250,83607
 16914,ZCTA5 16914,37232,82031,84375,43889,74750
 16915,ZCTA5 16915,46250,77500,67917,43981,77021
 16917,ZCTA5 16917,78882,66136,84167,36875,69318
 16920,ZCTA5 16920,-,68125,77857,43281,83750
 16921,ZCTA5 16921,-,68125,40893,33036,54276
 16922,ZCTA5 16922,41000,66000,49091,49286,67112
 16923,ZCTA5 16923,-,68750,72353,49500,71364
 16925,ZCTA5 16925,68646,90000,87321,45580,83188
 16926,ZCTA5 16926,-,71875,93750,57750,71250
 16927,ZCTA5 16927,-,78043,62159,48125,61250
 16928,ZCTA5 16928,45625,72188,90694,44464,71625
 16929,ZCTA5 16929,-,65625,84375,40417,67173
 16930,ZCTA5 16930,-,71705,76250,54167,80500
 16932,ZCTA5 16932,61364,-,69038,35625,75263
 16933,ZCTA5 16933,26500,58906,61346,62083,81821
 16935,ZCTA5 16935,-,103190,72946,53750,81250
 16936,ZCTA5 16936,-,83750,66111,43295,69079
 16937,ZCTA5 16937,-,-,93750,-,54375
 16938,ZCTA5 16938,-,62045,99583,40385,69300
 16939,ZCTA5 16939,-,55500,-,-,-
 16940,ZCTA5 16940,-,-,-,-,-
 16941,ZCTA5 16941,-,-,115000,-,108750
 16942,ZCTA5 16942,-,65625,63500,33750,63500
 16943,ZCTA5 16943,-,-,78750,40865,55893
 16946,ZCTA5 16946,-,66500,73542,37656,63358
 16947,ZCTA5 16947,52500,71938,71310,34286,71146
 16948,ZCTA5 16948,"2,500-",61250,57222,34375,63214
 16950,ZCTA5 16950,21111,52267,70000,35234,65673
 17002,ZCTA5 17002,-,66923,70417,39167,66364
 17003,ZCTA5 17003,-,110880,92123,62727,104767
 17004,ZCTA5 17004,47083,69028,78958,53304,64205
 17005,ZCTA5 17005,-,148750,65729,36250,63214
 17006,ZCTA5 17006,56250,60938,80500,38269,69125
 17007,ZCTA5 17007,-,97009,135125,93542,126329
 17009,ZCTA5 17009,-,68421,89583,40069,86250
 17010,ZCTA5 17010,-,-,-,-,-
 17011,ZCTA5 17011,45647,93527,105682,57880,110141
 17013,ZCTA5 17013,46496,73163,80885,53158,85835
 17014,ZCTA5 17014,-,-,-,158472,146875
 17015,ZCTA5 17015,36217,113253,104896,67841,103710
 17016,ZCTA5 17016,-,50302,-,111100,93281
 17017,ZCTA5 17017,43750,88320,85500,49583,80179
 17018,ZCTA5 17018,64375,82147,114375,63808,102548
 17019,ZCTA5 17019,72188,90156,115054,63071,100442
 17020,ZCTA5 17020,51563,96667,83929,43750,96723
 17021,ZCTA5 17021,-,72083,44688,44886,61895
 17022,ZCTA5 17022,44336,98095,100819,57674,102477
 17023,ZCTA5 17023,-,80000,78750,58558,91339
 17024,ZCTA5 17024,-,123250,92656,53839,96779
 17025,ZCTA5 17025,-,85395,108433,51734,107251
 17026,ZCTA5 17026,-,162942,104457,57167,114273
 17027,ZCTA5 17027,-,76250,75000,-,71971
 17028,ZCTA5 17028,-,99329,67000,58917,103106
 17029,ZCTA5 17029,-,-,70603,-,70402
 17030,ZCTA5 17030,-,73214,-,36875,78250
 17032,ZCTA5 17032,66250,98636,95417,52902,94577
 17033,ZCTA5 17033,43000,81250,143355,55581,102134
 17034,ZCTA5 17034,76250,61912,47518,38500,60288
 17035,ZCTA5 17035,-,55833,61094,38438,58333
 17036,ZCTA5 17036,40798,108583,132976,73488,134678
 17037,ZCTA5 17037,60313,57125,92273,36389,61875
 17038,ZCTA5 17038,43820,95800,81875,45234,97122
 17039,ZCTA5 17039,-,-,-,-,-
 17040,ZCTA5 17040,140357,93889,94792,67500,88917
 17041,ZCTA5 17041,-,-,-,-,-
 17042,ZCTA5 17042,63198,87262,81076,55847,87507
 17043,ZCTA5 17043,63301,86280,59182,56013,93529
 17044,ZCTA5 17044,42167,63310,62729,36565,62899
 17045,ZCTA5 17045,111250,76484,99583,44821,83039
 17046,ZCTA5 17046,-,57807,64425,44080,64102
 17047,ZCTA5 17047,66250,130221,81875,38194,91125
 17048,ZCTA5 17048,-,87813,79667,50417,84890
 17049,ZCTA5 17049,-,99871,72222,28188,87083
 17050,ZCTA5 17050,81625,123170,131912,75215,129554
 17051,ZCTA5 17051,-,80489,77361,43403,68451
 17052,ZCTA5 17052,-,86250,86125,31667,79063
 17053,ZCTA5 17053,55071,80385,112396,41500,96686
 17054,ZCTA5 17054,-,105000,87614,-,85556
 17055,ZCTA5 17055,51033,101117,97434,61540,110453
 17056,ZCTA5 17056,-,-,-,-,-
 17057,ZCTA5 17057,29125,81209,81841,48949,82023
 17058,ZCTA5 17058,75250,64706,74167,41613,70000
 17059,ZCTA5 17059,-,83659,73393,41672,78720
 17060,ZCTA5 17060,32500,82500,76250,33750,81667
 17061,ZCTA5 17061,-,79219,78393,38542,72000
 17062,ZCTA5 17062,71458,96750,96563,52955,98902
 17063,ZCTA5 17063,31131,86250,76563,39844,71563
 17064,ZCTA5 17064,-,-,150703,105938,126111
 17065,ZCTA5 17065,-,86250,89946,52857,98906
 17066,ZCTA5 17066,-,63015,51087,29821,57177
 17067,ZCTA5 17067,58750,96855,98586,46964,89754
 17068,ZCTA5 17068,18750,100583,86409,54583,83333
 17069,ZCTA5 17069,-,88750,89750,47250,94167
 17070,ZCTA5 17070,46051,88199,110365,60082,104226
 17071,ZCTA5 17071,-,-,42917,-,71750
 17073,ZCTA5 17073,71484,144107,91286,50150,99712
 17074,ZCTA5 17074,65625,75714,92000,49028,85972
 17075,ZCTA5 17075,-,99000,68333,-,97625
 17076,ZCTA5 17076,-,-,-,-,-
 17077,ZCTA5 17077,-,-,-,-,-
 17078,ZCTA5 17078,-,82360,113462,53750,103486
 17080,ZCTA5 17080,-,108125,86875,36250,75313
 17081,ZCTA5 17081,-,-,-,32321,85167
 17082,ZCTA5 17082,102750,85089,84167,45125,79830
 17084,ZCTA5 17084,-,76875,93387,51875,85745
 17086,ZCTA5 17086,68750,74531,83375,33636,77188
 17087,ZCTA5 17087,-,107898,88750,66250,104113
 17088,ZCTA5 17088,-,-,-,-,94333
 17090,ZCTA5 17090,-,84073,107746,44229,87933
 17093,ZCTA5 17093,-,-,73977,-,-
 17094,ZCTA5 17094,54688,72188,76042,48000,75189
 17097,ZCTA5 17097,-,88839,59375,39808,77569
 17098,ZCTA5 17098,79313,72969,67368,35000,72083
 17099,ZCTA5 17099,-,-,-,58946,63232
 17101,ZCTA5 17101,-,68362,48063,29325,62277
 17102,ZCTA5 17102,41016,71655,55805,22784,77344
 17103,ZCTA5 17103,-,36452,49730,42944,50536
 17104,ZCTA5 17104,-,37975,57251,37953,42902
 17109,ZCTA5 17109,49295,77680,73217,51286,80292
 17110,ZCTA5 17110,62742,82859,89227,50775,101935
 17111,ZCTA5 17111,-,84848,96338,64041,99914
 17112,ZCTA5 17112,43646,120119,109517,74935,114283
 17113,ZCTA5 17113,-,47571,75395,49477,71480
 17120,ZCTA5 17120,-,-,-,-,-
 17201,ZCTA5 17201,34599,61111,62354,49487,66158
 17202,ZCTA5 17202,46681,109638,114792,57166,104787
 17210,ZCTA5 17210,-,84375,-,-,115357
 17211,ZCTA5 17211,-,96429,44375,31429,73750
 17212,ZCTA5 17212,-,82917,118021,42250,90417
 17213,ZCTA5 17213,-,93750,81333,70592,72313
 17214,ZCTA5 17214,-,103602,62607,-,102993
 17215,ZCTA5 17215,-,-,-,40000,87917
 17217,ZCTA5 17217,-,-,-,71500,72250
 17219,ZCTA5 17219,-,77313,68409,-,85139
 17220,ZCTA5 17220,-,110625,63580,61447,81500
 17221,ZCTA5 17221,-,71442,58750,39167,61750
 17222,ZCTA5 17222,-,83772,84676,55417,86870
 17223,ZCTA5 17223,-,49167,-,52917,54167
 17224,ZCTA5 17224,-,-,115263,29400,113265
 17225,ZCTA5 17225,105545,95553,83564,57386,92881
 17228,ZCTA5 17228,61250,81944,81250,68438,85625
 17229,ZCTA5 17229,66250,73750,58438,54821,72202
 17232,ZCTA5 17232,-,-,-,-,-
 17233,ZCTA5 17233,-,85060,64063,33750,76731
 17235,ZCTA5 17235,-,-,162844,-,61325
 17236,ZCTA5 17236,41076,71798,99583,50163,85172
 17237,ZCTA5 17237,60625,92188,65500,59688,76429
 17238,ZCTA5 17238,-,72000,77813,47885,74792
 17239,ZCTA5 17239,-,62083,-,49028,71250
 17240,ZCTA5 17240,-,92344,96146,48155,87083
 17241,ZCTA5 17241,81071,70313,86632,51207,83733
 17243,ZCTA5 17243,-,90938,81063,33056,81761
 17244,ZCTA5 17244,-,86250,90313,48948,80368
 17246,ZCTA5 17246,-,85272,68707,49453,73363
 17247,ZCTA5 17247,-,-,-,49926,54444
 17249,ZCTA5 17249,-,113068,77500,40000,94375
 17250,ZCTA5 17250,-,-,-,-,-
 17251,ZCTA5 17251,-,-,-,-,64688
 17252,ZCTA5 17252,-,56268,56845,55732,56938
 17253,ZCTA5 17253,-,66447,73250,43438,71071
 17254,ZCTA5 17254,-,-,-,-,96250
 17255,ZCTA5 17255,-,69375,101667,45000,70104
 17257,ZCTA5 17257,28102,78496,86512,43912,84375
 17260,ZCTA5 17260,-,58750,44191,39531,65625
 17261,ZCTA5 17261,-,-,-,-,-
 17262,ZCTA5 17262,-,100357,86719,-,79375
 17263,ZCTA5 17263,-,-,84321,-,83688
 17264,ZCTA5 17264,65893,65250,68977,37019,65625
 17265,ZCTA5 17265,-,73750,-,37768,65500
 17266,ZCTA5 17266,52750,47500,75833,55417,71042
 17267,ZCTA5 17267,44583,97813,93542,44779,84750
 17268,ZCTA5 17268,67660,67645,80514,49904,79242
 17271,ZCTA5 17271,-,86322,-,44375,85938
 17301,ZCTA5 17301,-,89423,85000,52083,88857
 17302,ZCTA5 17302,123929,98542,62661,52984,78690
 17303,ZCTA5 17303,120625,-,137717,-,113750
 17304,ZCTA5 17304,36607,91528,90000,67750,95170
 17306,ZCTA5 17306,-,43438,77054,88015,77375
 17307,ZCTA5 17307,33599,52885,89833,64565,86833
 17309,ZCTA5 17309,-,97798,113125,55700,96982
 17311,ZCTA5 17311,-,104219,59375,61406,99444
 17313,ZCTA5 17313,48750,69688,67576,52832,73839
 17314,ZCTA5 17314,-,80000,92386,84450,91750
 17315,ZCTA5 17315,-,91530,91742,50573,92767
 17316,ZCTA5 17316,150924,109000,124737,60781,105910
 17317,ZCTA5 17317,-,86667,84107,66250,86389
 17318,ZCTA5 17318,-,115573,-,-,75694
 17319,ZCTA5 17319,41309,108229,101000,63558,105448
 17320,ZCTA5 17320,-,88844,102368,64188,102308
 17321,ZCTA5 17321,54167,130156,123718,61250,113750
 17322,ZCTA5 17322,-,109875,107167,60063,108945
 17323,ZCTA5 17323,-,-,100833,-,-
 17324,ZCTA5 17324,-,98750,86641,49545,80927
 17325,ZCTA5 17325,42303,81861,95224,62118,103254
 17327,ZCTA5 17327,-,87621,108690,71500,96612
 17329,ZCTA5 17329,-,173125,138611,-,116250
 17331,ZCTA5 17331,47239,82604,97346,47682,89966
 17339,ZCTA5 17339,101134,94138,116568,57346,101950
 17340,ZCTA5 17340,58576,89098,102292,58864,97766
 17342,ZCTA5 17342,-,82426,84519,-,92625
 17343,ZCTA5 17343,-,-,-,-,-
 17344,ZCTA5 17344,-,71531,98690,26577,88875
 17345,ZCTA5 17345,-,74299,89668,67727,89559
 17347,ZCTA5 17347,77788,119792,97465,44799,110357
 17349,ZCTA5 17349,-,123018,140097,88309,118750
 17350,ZCTA5 17350,98611,93611,84074,49492,84792
 17352,ZCTA5 17352,-,103500,135335,84333,122697
 17353,ZCTA5 17353,-,106250,90539,49831,101094
 17355,ZCTA5 17355,28750,71786,-,46250,-
 17356,ZCTA5 17356,83073,98355,95481,58507,100314
 17360,ZCTA5 17360,-,80868,113710,37857,94483
 17361,ZCTA5 17361,-,126801,113947,50604,110052
 17362,ZCTA5 17362,65357,115020,109031,60682,101272
 17363,ZCTA5 17363,8977,137738,145465,45104,121115
 17364,ZCTA5 17364,54554,82462,83125,38912,82273
 17365,ZCTA5 17365,113750,108625,86042,48787,108250
 17366,ZCTA5 17366,-,76944,83860,53625,89539
 17368,ZCTA5 17368,74205,85858,99528,45000,99069
 17370,ZCTA5 17370,63194,98875,103750,69861,113056
 17371,ZCTA5 17371,-,100214,98566,56071,71719
 17372,ZCTA5 17372,85714,71625,70819,51842,73587
 17401,ZCTA5 17401,41052,57393,37006,26705,45878
 17402,ZCTA5 17402,60854,78706,111279,52163,101981
 17403,ZCTA5 17403,26184,69329,77637,51604,80716
 17404,ZCTA5 17404,59183,82274,92137,44539,90648
 17406,ZCTA5 17406,60250,101122,90362,63377,95374
 17407,ZCTA5 17407,-,138333,118333,76328,116759
 17408,ZCTA5 17408,44219,92910,113349,39861,102971
 17501,ZCTA5 17501,113750,67879,75179,51875,77587
 17502,ZCTA5 17502,-,107500,93125,54474,98136
 17504,ZCTA5 17504,-,-,-,-,-
 17505,ZCTA5 17505,-,112074,85650,-,86900
 17506,ZCTA5 17506,-,-,-,-,128600
 17507,ZCTA5 17507,-,-,-,-,-
 17508,ZCTA5 17508,-,113372,162951,-,121711
 17509,ZCTA5 17509,58500,68393,110250,56000,86818
 17512,ZCTA5 17512,41919,74681,80044,39076,80333
 17516,ZCTA5 17516,-,96094,111098,47473,111405
 17517,ZCTA5 17517,-,107740,107664,59267,101939
 17518,ZCTA5 17518,46389,61875,107639,62188,82969
 17519,ZCTA5 17519,100472,79024,112230,78698,99613
 17520,ZCTA5 17520,-,95516,84875,68447,91917
 17522,ZCTA5 17522,60938,74353,92809,46504,81764
 17527,ZCTA5 17527,75260,75104,124323,64286,94926
 17529,ZCTA5 17529,71313,87807,117943,51250,85242
 17532,ZCTA5 17532,-,90855,96250,61827,77984
 17534,ZCTA5 17534,-,-,-,-,-
 17535,ZCTA5 17535,-,113228,109444,75673,112690
 17536,ZCTA5 17536,-,54519,-,81042,61765
 17538,ZCTA5 17538,-,133841,108750,46645,116097
 17540,ZCTA5 17540,42197,83462,118191,45938,103125
 17543,ZCTA5 17543,64434,101720,118432,59818,117584
 17545,ZCTA5 17545,68361,102583,107174,54925,97835
 17547,ZCTA5 17547,-,96613,111914,39266,95777
 17550,ZCTA5 17550,-,-,-,-,-
 17551,ZCTA5 17551,26047,79055,91294,59700,93971
 17552,ZCTA5 17552,63618,107680,89038,63281,100067
 17554,ZCTA5 17554,110110,103523,88792,48429,107727
 17555,ZCTA5 17555,64000,104735,96377,56667,96023
 17557,ZCTA5 17557,-,87151,114773,55192,102455
 17560,ZCTA5 17560,82541,103350,96929,55261,92220
 17562,ZCTA5 17562,-,100524,113409,95300,101462
 17563,ZCTA5 17563,-,83235,114125,63958,90917
 17565,ZCTA5 17565,-,75700,138063,57337,103083
 17566,ZCTA5 17566,65375,88075,86061,55743,85615
 17568,ZCTA5 17568,-,-,-,-,-
 17569,ZCTA5 17569,69042,99885,93432,43438,97686
 17570,ZCTA5 17570,-,-,133047,46176,-
 17572,ZCTA5 17572,53125,84250,90766,63400,91048
 17576,ZCTA5 17576,-,-,-,-,-
 17578,ZCTA5 17578,81422,101125,110955,59000,98893
 17579,ZCTA5 17579,-,81838,92625,74612,105638
 17581,ZCTA5 17581,-,-,-,"250,000+","250,000+"
 17582,ZCTA5 17582,-,96538,134637,73889,104524
 17584,ZCTA5 17584,-,132825,102091,85500,107319
 17601,ZCTA5 17601,56314,101226,121826,68633,112390
 17602,ZCTA5 17602,67115,69782,77014,56517,78943
 17603,ZCTA5 17603,35200,89302,90540,59586,93438
 17606,ZCTA5 17606,-,-,-,-,-
 17701,ZCTA5 17701,31064,68668,65383,42621,68160
 17702,ZCTA5 17702,53681,61706,72132,55184,78929
 17720,ZCTA5 17720,-,93750,36477,66071,-
 17721,ZCTA5 17721,-,75227,63214,43000,71369
 17723,ZCTA5 17723,-,-,106250,-,63750
 17724,ZCTA5 17724,25972,57375,75081,41023,70688
 17727,ZCTA5 17727,-,-,-,44271,44063
 17728,ZCTA5 17728,52917,90114,79000,52500,82744
 17729,ZCTA5 17729,-,102917,50956,33750,83125
 17730,ZCTA5 17730,-,-,-,-,-
 17731,ZCTA5 17731,-,23500,104583,90313,98333
 17737,ZCTA5 17737,33333,87950,70643,44519,70845
 17739,ZCTA5 17739,-,-,-,46250,-
 17740,ZCTA5 17740,38971,81727,77702,48951,79572
 17742,ZCTA5 17742,-,-,-,-,-
 17744,ZCTA5 17744,-,68125,86667,44821,73000
 17745,ZCTA5 17745,32209,82167,67404,39468,70229
 17747,ZCTA5 17747,69653,78125,99000,40417,84479
 17748,ZCTA5 17748,-,65729,-,53333,66354
 17749,ZCTA5 17749,-,46000,71538,30179,70962
 17750,ZCTA5 17750,-,-,57750,-,138317
 17751,ZCTA5 17751,58021,78646,83359,44710,77500
 17752,ZCTA5 17752,-,69054,72500,36411,72885
 17754,ZCTA5 17754,85469,90897,90901,45506,92185
 17756,ZCTA5 17756,50625,93663,85804,44875,86285
 17758,ZCTA5 17758,43750,68750,74500,37917,62000
 17760,ZCTA5 17760,-,111250,66667,34792,71250
 17762,ZCTA5 17762,-,96458,88125,173167,128750
 17763,ZCTA5 17763,-,36346,66250,34286,59375
 17764,ZCTA5 17764,33750,46740,61250,30543,47327
 17765,ZCTA5 17765,-,61442,114688,58875,64181
 17768,ZCTA5 17768,-,127917,61875,62250,91250
 17769,ZCTA5 17769,-,-,-,119500,123750
 17771,ZCTA5 17771,78333,83512,73000,47875,78500
 17772,ZCTA5 17772,-,96964,91818,53333,90288
 17774,ZCTA5 17774,-,80781,89861,40893,82109
 17776,ZCTA5 17776,-,82250,63750,36250,80750
 17777,ZCTA5 17777,70263,77629,74091,42708,74852
 17778,ZCTA5 17778,-,-,-,41250,90547
 17779,ZCTA5 17779,-,-,-,-,-
 17801,ZCTA5 17801,28546,66250,63043,33929,66110
 17810,ZCTA5 17810,-,77955,93750,49219,74265
 17812,ZCTA5 17812,69375,80000,100293,27422,79063
 17813,ZCTA5 17813,-,72917,73417,48203,71908
 17814,ZCTA5 17814,64750,91429,71813,40610,74783
 17815,ZCTA5 17815,16780,76733,84617,39478,81509
 17820,ZCTA5 17820,49048,96429,85536,43929,85429
 17821,ZCTA5 17821,28510,87685,97835,39424,87810
 17822,ZCTA5 17822,-,-,-,-,-
 17823,ZCTA5 17823,53906,78750,97292,50333,78636
 17824,ZCTA5 17824,-,127692,119779,41711,121644
 17827,ZCTA5 17827,-,81563,80893,35500,54250
 17829,ZCTA5 17829,-,80000,103750,45000,81250
 17830,ZCTA5 17830,48750,77917,84750,51023,83333
 17832,ZCTA5 17832,-,76719,36528,33355,55417
 17834,ZCTA5 17834,-,69722,95550,38661,83950
 17835,ZCTA5 17835,-,-,133375,-,-
 17836,ZCTA5 17836,-,95000,109000,38750,82500
 17837,ZCTA5 17837,20645,105455,99426,46323,105052
 17840,ZCTA5 17840,-,-,-,65370,-
 17841,ZCTA5 17841,61000,61389,70720,35000,64405
 17842,ZCTA5 17842,25375,75205,76920,42804,75403
 17844,ZCTA5 17844,49570,82917,76433,41536,77389
 17845,ZCTA5 17845,43977,77614,65114,47115,68250
 17846,ZCTA5 17846,34375,79167,84219,39625,84154
 17847,ZCTA5 17847,47227,77607,65109,34385,75457
 17850,ZCTA5 17850,-,88456,-,30913,45833
 17851,ZCTA5 17851,-,53661,60489,30341,61356
 17853,ZCTA5 17853,-,73917,61094,40833,70625
 17855,ZCTA5 17855,36875,87031,87727,43889,86818
 17856,ZCTA5 17856,45833,119375,99210,40152,106360
 17857,ZCTA5 17857,-,73088,90398,45174,79552
 17858,ZCTA5 17858,-,-,-,83750,-
 17859,ZCTA5 17859,47188,96000,73167,34100,91618
 17860,ZCTA5 17860,-,142731,80313,50667,103813
 17861,ZCTA5 17861,-,-,63000,-,63702
 17862,ZCTA5 17862,-,-,48831,36607,36384
 17864,ZCTA5 17864,44286,67647,121250,48750,84531
 17865,ZCTA5 17865,-,-,-,-,111406
 17866,ZCTA5 17866,-,57275,50385,30896,63375
 17867,ZCTA5 17867,-,100250,-,-,105625
 17868,ZCTA5 17868,-,97000,130938,40068,97333
 17870,ZCTA5 17870,-,74696,92155,45954,86908
 17872,ZCTA5 17872,-,33894,59149,28235,54434
 17876,ZCTA5 17876,-,104375,110074,39792,94479
 17878,ZCTA5 17878,-,78750,85313,48594,78618
 17880,ZCTA5 17880,-,-,100729,-,-
 17881,ZCTA5 17881,-,62206,102625,27212,75625
 17884,ZCTA5 17884,-,-,-,-,-
 17885,ZCTA5 17885,-,90781,-,70750,91406
 17886,ZCTA5 17886,-,-,113611,26488,-
 17887,ZCTA5 17887,-,-,-,-,-
 17888,ZCTA5 17888,-,51136,103929,40833,91875
 17889,ZCTA5 17889,82917,80625,109792,38636,91964
 17901,ZCTA5 17901,43134,59038,68799,39419,66457
 17920,ZCTA5 17920,-,78750,102500,42083,85000
 17921,ZCTA5 17921,63171,88750,74766,43438,87750
 17922,ZCTA5 17922,-,108794,117292,58969,107898
 17923,ZCTA5 17923,-,-,-,32153,51500
 17925,ZCTA5 17925,-,60833,72500,63125,85750
 17929,ZCTA5 17929,-,78750,72411,43214,75139
 17930,ZCTA5 17930,-,91875,-,-,57917
 17931,ZCTA5 17931,-,83571,71250,35268,80137
 17933,ZCTA5 17933,-,-,-,60074,61397
 17934,ZCTA5 17934,-,94063,45156,30000,78750
 17935,ZCTA5 17935,-,64083,50625,40179,58929
 17936,ZCTA5 17936,-,76094,76875,58447,75625
 17938,ZCTA5 17938,-,88787,95370,56806,90523
 17941,ZCTA5 17941,-,85795,88750,50192,79904
 17943,ZCTA5 17943,-,-,-,-,-
 17944,ZCTA5 17944,-,107813,"2,500-",95682,97386
 17945,ZCTA5 17945,-,-,-,21389,103024
 17946,ZCTA5 17946,-,-,89265,-,118306
 17948,ZCTA5 17948,-,65265,38393,24604,48827
 17949,ZCTA5 17949,-,-,54375,51250,61875
 17951,ZCTA5 17951,-,-,77794,-,78676
 17952,ZCTA5 17952,-,-,62750,43929,97083
 17953,ZCTA5 17953,-,88750,103289,23750,102500
 17954,ZCTA5 17954,-,70548,58952,22153,47994
 17957,ZCTA5 17957,-,134327,109000,65833,133990
 17959,ZCTA5 17959,-,56047,69000,51250,81250
 17960,ZCTA5 17960,-,51859,74881,62426,72344
 17961,ZCTA5 17961,-,110000,89547,57768,116167
 17963,ZCTA5 17963,21364,100357,96503,42188,81645
 17964,ZCTA5 17964,-,111875,58750,41250,69375
 17965,ZCTA5 17965,-,55469,71250,45375,70500
 17967,ZCTA5 17967,-,106250,95000,47222,89375
 17968,ZCTA5 17968,-,76667,148333,60750,99107
 17970,ZCTA5 17970,76250,64375,64656,38438,67217
 17972,ZCTA5 17972,55382,65864,87835,32805,79576
 17974,ZCTA5 17974,-,83036,-,104286,83095
 17976,ZCTA5 17976,64554,47589,76250,28958,66648
 17978,ZCTA5 17978,-,70313,55938,50208,58750
 17979,ZCTA5 17979,-,-,-,-,-
 17980,ZCTA5 17980,39107,67460,95357,45511,76000
 17981,ZCTA5 17981,-,56750,75667,42679,73185
 17982,ZCTA5 17982,-,43125,108304,31625,66625
 17983,ZCTA5 17983,42643,88750,82981,88281,82788
 17985,ZCTA5 17985,-,110417,71250,55395,87143
 18011,ZCTA5 18011,76667,110357,134107,74583,106458
 18012,ZCTA5 18012,-,-,-,-,-
 18013,ZCTA5 18013,50596,80391,91933,51593,83488
 18014,ZCTA5 18014,43819,97912,105868,42694,96636
 18015,ZCTA5 18015,45588,56214,62050,38947,75750
 18017,ZCTA5 18017,43750,86604,112218,59104,94435
 18018,ZCTA5 18018,53750,73226,74093,50328,82396
 18020,ZCTA5 18020,75500,128708,148243,70050,133629
 18030,ZCTA5 18030,-,44375,64750,51250,61875
 18031,ZCTA5 18031,-,132475,97769,61337,119306
 18032,ZCTA5 18032,34063,95068,80417,53713,96295
 18034,ZCTA5 18034,-,159271,143295,83281,133387
 18035,ZCTA5 18035,-,-,-,-,-
 18036,ZCTA5 18036,127727,134279,141685,63872,131290
 18037,ZCTA5 18037,21563,101500,88977,50221,97401
 18038,ZCTA5 18038,-,121382,131063,-,118578
 18040,ZCTA5 18040,-,120337,135938,75786,121588
 18041,ZCTA5 18041,50870,95245,102656,93214,100246
 18042,ZCTA5 18042,84659,66139,82459,54153,83422
 18045,ZCTA5 18045,111250,111154,131738,69408,124768
 18046,ZCTA5 18046,-,-,-,-,-
 18049,ZCTA5 18049,34250,107890,110278,65970,115956
 18051,ZCTA5 18051,-,110000,148281,87431,143341
 18052,ZCTA5 18052,47059,80524,88295,46714,81977
 18053,ZCTA5 18053,-,84333,80000,68750,102474
 18054,ZCTA5 18054,-,112112,146458,58750,124750
 18055,ZCTA5 18055,-,114020,104607,54634,108980
 18056,ZCTA5 18056,-,-,107819,34107,90111
 18058,ZCTA5 18058,-,82100,69606,39683,75000
 18059,ZCTA5 18059,-,-,172986,-,165139
 18062,ZCTA5 18062,38327,128380,123776,64243,121341
 18063,ZCTA5 18063,-,-,-,75862,77371
 18064,ZCTA5 18064,-,128433,114397,49897,115464
 18065,ZCTA5 18065,-,-,-,-,77917
 18066,ZCTA5 18066,-,100163,152173,54653,116301
 18067,ZCTA5 18067,80560,104753,96068,54340,99082
 18069,ZCTA5 18069,-,151797,145875,52955,151331
 18070,ZCTA5 18070,-,89375,116042,50968,115382
 18071,ZCTA5 18071,39650,79007,95477,38017,80795
 18072,ZCTA5 18072,63125,81989,107945,58929,85982
 18073,ZCTA5 18073,90652,113582,109638,69805,109924
 18074,ZCTA5 18074,-,131827,121118,79107,117664
 18076,ZCTA5 18076,-,118693,116594,38200,117134
 18077,ZCTA5 18077,77917,92738,104712,81146,94893
 18078,ZCTA5 18078,-,118833,173942,74408,143462
 18079,ZCTA5 18079,-,116875,-,-,116343
 18080,ZCTA5 18080,-,81151,88352,47118,88375
 18081,ZCTA5 18081,-,-,-,-,-
 18083,ZCTA5 18083,-,116875,127639,58000,123438
 18085,ZCTA5 18085,-,70000,107917,66250,91875
 18086,ZCTA5 18086,-,63750,64769,-,64438
 18087,ZCTA5 18087,-,-,77381,32708,76667
 18088,ZCTA5 18088,-,75125,95577,45592,92962
 18091,ZCTA5 18091,64423,86071,82938,56029,90500
 18092,ZCTA5 18092,-,116477,106800,56786,100000
 18101,ZCTA5 18101,39161,46947,-,23400,38168
 18102,ZCTA5 18102,36140,45354,50827,31827,45999
 18103,ZCTA5 18103,23614,71540,85807,54882,85009
 18104,ZCTA5 18104,38618,106468,97328,49784,105425
 18106,ZCTA5 18106,-,93409,136250,54559,115307
 18109,ZCTA5 18109,-,55661,58079,45095,56174
 18195,ZCTA5 18195,-,-,-,-,-
 18201,ZCTA5 18201,31250,52188,49253,34773,49924
 18202,ZCTA5 18202,48177,60625,67000,42188,74613
 18210,ZCTA5 18210,-,78669,70523,62976,74120
 18211,ZCTA5 18211,-,-,71724,-,76563
 18212,ZCTA5 18212,-,-,-,-,-
 18214,ZCTA5 18214,-,98750,90250,59318,90921
 18216,ZCTA5 18216,-,90577,54737,46250,78250
 18218,ZCTA5 18218,-,71250,66406,29219,70345
 18219,ZCTA5 18219,-,84107,89688,57500,74205
 18220,ZCTA5 18220,-,83000,79250,29722,78000
 18221,ZCTA5 18221,-,-,30446,-,53262
 18222,ZCTA5 18222,-,115884,118220,70948,125708
 18223,ZCTA5 18223,-,-,-,-,-
 18224,ZCTA5 18224,-,78897,65524,36368,79099
 18225,ZCTA5 18225,-,-,-,-,-
 18229,ZCTA5 18229,32946,85388,91301,51384,83177
 18230,ZCTA5 18230,-,-,73182,-,73636
 18231,ZCTA5 18231,-,-,72000,-,86696
 18232,ZCTA5 18232,43931,43568,42464,27679,49609
 18234,ZCTA5 18234,-,-,-,-,-
 18235,ZCTA5 18235,33691,89116,99116,40943,88469
 18237,ZCTA5 18237,34643,36667,61136,35500,48782
 18239,ZCTA5 18239,-,-,-,-,-
 18240,ZCTA5 18240,-,65625,86012,45355,58947
 18241,ZCTA5 18241,-,-,95278,64219,63250
 18242,ZCTA5 18242,-,153540,-,-,96092
 18244,ZCTA5 18244,-,64375,72813,39375,63125
 18245,ZCTA5 18245,-,-,64115,42524,44495
 18246,ZCTA5 18246,-,-,73833,-,-
 18248,ZCTA5 18248,-,132692,87841,34946,68333
 18249,ZCTA5 18249,-,101583,110625,90046,102419
 18250,ZCTA5 18250,-,92887,81364,40167,70227
 18252,ZCTA5 18252,-,68382,86213,42232,83171
 18254,ZCTA5 18254,-,83317,63558,40000,50208
 18255,ZCTA5 18255,48864,71481,85202,41848,83542
 18256,ZCTA5 18256,-,-,-,-,63235
 18301,ZCTA5 18301,51691,80253,109861,58621,101582
 18302,ZCTA5 18302,-,81680,98784,58611,99162
 18321,ZCTA5 18321,-,46006,114118,82021,97368
 18322,ZCTA5 18322,-,-,112606,73036,105946
 18323,ZCTA5 18323,-,-,-,-,-
 18324,ZCTA5 18324,-,82981,82193,34916,69730
 18325,ZCTA5 18325,-,170036,152546,59583,112222
 18326,ZCTA5 18326,-,98036,80629,66850,80960
 18327,ZCTA5 18327,-,61750,86429,52083,106250
 18328,ZCTA5 18328,-,78125,94453,64446,93363
 18330,ZCTA5 18330,-,79873,98411,56705,92688
 18331,ZCTA5 18331,-,-,-,-,92955
 18332,ZCTA5 18332,-,100944,96732,57300,96467
 18333,ZCTA5 18333,-,-,-,-,-
 18334,ZCTA5 18334,-,135364,95322,64000,91654
 18335,ZCTA5 18335,-,-,109538,-,130163
 18336,ZCTA5 18336,-,70000,83611,60313,87104
 18337,ZCTA5 18337,86401,96442,111154,55098,109226
 18340,ZCTA5 18340,-,-,-,-,-
 18342,ZCTA5 18342,-,-,-,-,"2,500-"
 18343,ZCTA5 18343,-,71875,104583,57982,82298
 18344,ZCTA5 18344,-,54073,106979,52833,96940
 18346,ZCTA5 18346,-,71893,44697,-,-
 18347,ZCTA5 18347,-,128251,-,77904,78849
 18349,ZCTA5 18349,-,-,-,-,-
 18350,ZCTA5 18350,-,-,105949,-,-
 18351,ZCTA5 18351,-,92813,63750,26458,54063
 18353,ZCTA5 18353,-,87019,118836,48003,106779
 18354,ZCTA5 18354,-,73983,87891,-,83821
 18355,ZCTA5 18355,-,-,124757,96250,-
 18356,ZCTA5 18356,-,-,-,-,-
 18357,ZCTA5 18357,-,-,-,-,-
 18360,ZCTA5 18360,48177,86571,89877,48079,87500
 18370,ZCTA5 18370,-,90603,-,-,91674
 18371,ZCTA5 18371,-,-,-,76277,-
 18372,ZCTA5 18372,-,-,131688,83889,136490
 18403,ZCTA5 18403,-,97105,71887,62083,90325
 18405,ZCTA5 18405,-,89271,59266,65652,72159
 18407,ZCTA5 18407,66354,72700,65000,50017,74777
 18411,ZCTA5 18411,66458,106382,118798,70189,123771
 18413,ZCTA5 18413,-,-,-,-,-
 18414,ZCTA5 18414,31250,86838,89419,67361,92402
 18415,ZCTA5 18415,-,101058,130069,56964,62417
 18417,ZCTA5 18417,-,157688,55238,60500,80250
 18419,ZCTA5 18419,56417,80156,68802,34555,75885
 18420,ZCTA5 18420,-,-,36250,-,110357
 18421,ZCTA5 18421,-,76042,84519,40265,78158
 18424,ZCTA5 18424,-,56012,60795,55096,77000
 18425,ZCTA5 18425,-,74773,134167,48625,83500
 18426,ZCTA5 18426,-,59868,93750,52222,78333
 18428,ZCTA5 18428,-,79850,79335,61072,85122
 18430,ZCTA5 18430,-,-,-,61458,82917
 18431,ZCTA5 18431,-,63567,64254,39278,69591
 18433,ZCTA5 18433,-,88125,101050,44022,102660
 18434,ZCTA5 18434,-,54243,58750,57972,79484
 18435,ZCTA5 18435,-,-,-,95189,99313
 18436,ZCTA5 18436,85348,112829,90821,53140,85435
 18437,ZCTA5 18437,-,-,95417,54375,-
 18438,ZCTA5 18438,-,87083,44685,47165,63750
 18439,ZCTA5 18439,-,-,70417,-,70833
 18440,ZCTA5 18440,-,-,-,"250,000+",-
 18441,ZCTA5 18441,-,63958,81583,-,-
 18443,ZCTA5 18443,-,-,126553,52639,90188
 18444,ZCTA5 18444,-,94917,101757,56442,96301
 18445,ZCTA5 18445,-,-,47283,50132,53242
 18446,ZCTA5 18446,55313,62857,80893,34853,73462
 18447,ZCTA5 18447,35500,92935,61382,43000,76543
 18451,ZCTA5 18451,-,-,49688,-,50000
 18452,ZCTA5 18452,-,80091,62352,36394,74333
 18453,ZCTA5 18453,-,78188,94583,59375,82647
 18454,ZCTA5 18454,-,-,-,-,103036
 18455,ZCTA5 18455,-,-,-,53462,-
 18456,ZCTA5 18456,-,-,95750,38958,135156
 18457,ZCTA5 18457,-,-,-,-,-
 18458,ZCTA5 18458,-,91250,82425,71000,88269
 18460,ZCTA5 18460,-,-,-,-,65417
 18461,ZCTA5 18461,-,148929,-,29375,111250
 18462,ZCTA5 18462,-,63990,69583,58438,85625
 18463,ZCTA5 18463,-,-,105521,94091,125192
 18464,ZCTA5 18464,-,-,141324,68333,114940
 18465,ZCTA5 18465,-,54643,98125,56500,74286
 18466,ZCTA5 18466,-,52695,99490,59072,80000
 18469,ZCTA5 18469,-,157574,-,61821,62321
 18470,ZCTA5 18470,82969,71750,81250,65250,86154
 18471,ZCTA5 18471,-,132750,-,-,141806
 18472,ZCTA5 18472,50446,79671,82153,47601,80913
 18473,ZCTA5 18473,-,-,47672,55208,25703
 18503,ZCTA5 18503,43346,59141,14044,16111,-
 18504,ZCTA5 18504,41106,63688,67151,40118,71155
 18505,ZCTA5 18505,22156,61210,65375,45264,70099
 18507,ZCTA5 18507,-,97024,127273,34219,128584
 18508,ZCTA5 18508,30580,41337,52975,34939,53856
 18509,ZCTA5 18509,22083,45672,71354,40438,78250
 18510,ZCTA5 18510,21190,59875,64326,34281,70645
 18512,ZCTA5 18512,41842,73403,65691,56115,83989
 18517,ZCTA5 18517,-,68199,74889,49828,65595
 18518,ZCTA5 18518,-,89153,97371,44200,103116
 18519,ZCTA5 18519,-,68000,70167,35583,66705
 18602,ZCTA5 18602,-,-,179375,100625,221000
 18603,ZCTA5 18603,60014,72838,69836,39820,68979
 18610,ZCTA5 18610,-,77461,91165,47330,86622
 18612,ZCTA5 18612,65729,103373,134063,56431,121683
 18614,ZCTA5 18614,63571,85536,57031,37292,85000
 18615,ZCTA5 18615,-,125536,112760,41250,94583
 18616,ZCTA5 18616,-,53750,78333,60938,71667
 18617,ZCTA5 18617,-,34047,33750,25524,62857
 18618,ZCTA5 18618,-,85223,75139,70750,93542
 18619,ZCTA5 18619,-,68929,60625,53750,68750
 18621,ZCTA5 18621,-,80089,83482,43676,69917
 18622,ZCTA5 18622,-,-,101354,65625,89643
 18623,ZCTA5 18623,-,65833,84167,42262,78295
 18624,ZCTA5 18624,-,-,-,53636,215881
 18625,ZCTA5 18625,-,-,-,53125,54926
 18626,ZCTA5 18626,-,113333,120417,54750,113833
 18627,ZCTA5 18627,-,-,-,-,-
 18628,ZCTA5 18628,-,52500,85625,22031,70417
 18629,ZCTA5 18629,-,86406,87969,41250,65313
 18630,ZCTA5 18630,82330,59412,95568,67708,93424
 18631,ZCTA5 18631,-,111917,-,46518,70208
 18632,ZCTA5 18632,79500,-,80909,23654,81136
 18634,ZCTA5 18634,-,60154,60125,44201,67660
 18635,ZCTA5 18635,50147,89531,88869,41518,90076
 18636,ZCTA5 18636,29583,123194,67500,40208,66579
 18640,ZCTA5 18640,26523,60934,65391,40721,76027
 18641,ZCTA5 18641,22132,64643,71520,55179,77449
 18642,ZCTA5 18642,-,93918,64758,56207,77439
 18643,ZCTA5 18643,28255,80405,86758,46143,80407
 18644,ZCTA5 18644,-,94074,87813,38375,92572
 18651,ZCTA5 18651,26471,48942,64438,31285,59710
 18655,ZCTA5 18655,-,81591,72171,44901,79423
 18656,ZCTA5 18656,-,104750,78203,54688,75179
 18657,ZCTA5 18657,52083,67917,92424,56176,84657
 18660,ZCTA5 18660,79167,83676,95000,51786,89554
 18661,ZCTA5 18661,-,86500,79914,44851,87255
 18701,ZCTA5 18701,-,-,31123,31802,33250
 18702,ZCTA5 18702,21869,56708,64067,45888,67438
 18704,ZCTA5 18704,30996,59142,72917,52935,80325
 18705,ZCTA5 18705,38125,59773,65417,49611,67813
 18706,ZCTA5 18706,49032,71679,63939,49303,75436
 18707,ZCTA5 18707,-,90978,132148,69250,114667
 18708,ZCTA5 18708,72778,75096,123291,46548,107035
 18709,ZCTA5 18709,-,37361,50455,27306,50455
 18801,ZCTA5 18801,66842,63942,81773,53447,80430
 18810,ZCTA5 18810,48818,81111,76389,30446,83050
 18812,ZCTA5 18812,-,87917,94583,63333,91146
 18814,ZCTA5 18814,-,-,-,37188,40156
 18816,ZCTA5 18816,-,-,-,-,96875
 18817,ZCTA5 18817,-,-,108021,40938,58958
 18818,ZCTA5 18818,45000,61250,86250,45000,84750
 18820,ZCTA5 18820,-,-,-,-,160875
 18821,ZCTA5 18821,33750,80625,82750,44474,65227
 18822,ZCTA5 18822,59464,64926,68750,34167,71705
 18823,ZCTA5 18823,-,81250,-,24219,28077
 18824,ZCTA5 18824,75179,85536,61917,77083,87639
 18825,ZCTA5 18825,-,-,57000,-,57000
 18826,ZCTA5 18826,50536,87891,93796,60417,89798
 18828,ZCTA5 18828,-,-,53750,-,102955
 18829,ZCTA5 18829,-,91250,81250,38750,82813
 18830,ZCTA5 18830,-,103750,68750,54375,101607
 18831,ZCTA5 18831,-,72917,85625,54500,76950
 18832,ZCTA5 18832,29250,77614,78958,34783,77765
 18833,ZCTA5 18833,67500,81736,66346,38661,75208
 18834,ZCTA5 18834,68000,63750,81667,49148,82000
 18837,ZCTA5 18837,46563,104688,68750,50893,68846
 18840,ZCTA5 18840,-,78750,82652,42325,87043
 18842,ZCTA5 18842,-,-,-,-,74375
 18843,ZCTA5 18843,-,-,-,-,100094
 18844,ZCTA5 18844,-,70357,122639,90781,91599
 18845,ZCTA5 18845,-,126500,29917,52955,52614
 18846,ZCTA5 18846,-,60938,85938,71667,92727
 18847,ZCTA5 18847,59750,62019,55147,41552,59583
 18848,ZCTA5 18848,37031,63804,64700,42973,64250
 18850,ZCTA5 18850,107917,84286,59286,39375,68942
 18851,ZCTA5 18851,-,78077,91875,54286,80556
 18853,ZCTA5 18853,52500,81875,96389,41136,79512
 18854,ZCTA5 18854,-,90000,100278,48333,88594
 18901,ZCTA5 18901,38988,119950,178393,68808,165512
 18902,ZCTA5 18902,-,171293,188102,112604,181526
 18912,ZCTA5 18912,-,-,-,"250,000+",-
 18913,ZCTA5 18913,-,-,223188,-,223875
 18914,ZCTA5 18914,-,155833,169071,84583,160263
 18915,ZCTA5 18915,-,80268,173233,100278,133981
 18917,ZCTA5 18917,-,54514,113517,57813,107000
 18920,ZCTA5 18920,-,135917,175357,-,158250
 18921,ZCTA5 18921,-,-,-,-,"250,000+"
 18923,ZCTA5 18923,-,-,64911,-,84833
 18925,ZCTA5 18925,-,210833,233615,103684,214375
 18927,ZCTA5 18927,-,-,-,-,-
 18929,ZCTA5 18929,-,218438,166522,102292,173071
 18930,ZCTA5 18930,-,107222,133304,82039,130357
 18932,ZCTA5 18932,-,-,"250,000+",70147,71225
 18933,ZCTA5 18933,-,-,-,211250,231250
 18935,ZCTA5 18935,-,-,"250,000+",-,"250,000+"
 18936,ZCTA5 18936,-,-,-,-,-
 18938,ZCTA5 18938,-,213015,229000,83176,190885
 18940,ZCTA5 18940,-,141296,189818,102772,183050
 18942,ZCTA5 18942,-,101607,110978,81635,109750
 18944,ZCTA5 18944,52750,125829,151298,78517,143783
 18946,ZCTA5 18946,-,177411,128958,-,212500
 18947,ZCTA5 18947,-,136981,179479,72902,141719
 18950,ZCTA5 18950,-,-,-,-,211389
 18951,ZCTA5 18951,68690,118869,108269,59556,117912
 18954,ZCTA5 18954,-,188854,164432,147672,152250
 18955,ZCTA5 18955,-,99091,81607,65200,93239
 18960,ZCTA5 18960,60588,101563,123155,67443,117802
 18962,ZCTA5 18962,-,-,89833,135750,90833
 18964,ZCTA5 18964,163158,112027,109866,52333,119037
 18966,ZCTA5 18966,-,142257,144080,76868,140261
 18969,ZCTA5 18969,68190,111640,134817,61172,128499
 18970,ZCTA5 18970,-,-,133750,-,129583
 18972,ZCTA5 18972,-,95500,108611,59063,105625
 18974,ZCTA5 18974,79744,120221,128566,57952,121168
 18976,ZCTA5 18976,-,117474,154128,68095,153738
 18977,ZCTA5 18977,-,217386,245074,126467,222568
 18980,ZCTA5 18980,-,-,-,-,-
 19001,ZCTA5 19001,34235,111912,113516,73050,119561
 19002,ZCTA5 19002,-,137969,185372,77552,179900
 19003,ZCTA5 19003,85000,145147,127453,81900,168879
 19004,ZCTA5 19004,-,132188,169946,99728,167679
 19006,ZCTA5 19006,-,165750,148164,57391,145670
 19007,ZCTA5 19007,55278,65125,73815,54411,74354
 19008,ZCTA5 19008,-,144294,154722,91321,143750
 19009,ZCTA5 19009,-,183167,174464,92813,139000
 19010,ZCTA5 19010,-,151320,189446,110313,183462
 19012,ZCTA5 19012,-,104191,157092,78482,154620
 19013,ZCTA5 19013,24146,38834,47018,30216,51155
 19014,ZCTA5 19014,66367,118918,121058,66470,120210
 19015,ZCTA5 19015,-,86532,92467,58020,94008
 19017,ZCTA5 19017,-,-,"250,000+",-,"250,000+"
 19018,ZCTA5 19018,52361,79621,73830,55173,88716
 19020,ZCTA5 19020,71354,85842,101432,58082,101076
 19021,ZCTA5 19021,60104,79483,73173,50234,86740
 19022,ZCTA5 19022,-,54567,48323,35826,55532
 19023,ZCTA5 19023,41088,47316,58537,34613,59130
 19025,ZCTA5 19025,-,215713,211212,96750,194107
 19026,ZCTA5 19026,45481,86318,104107,58672,103931
 19027,ZCTA5 19027,38833,96417,111172,83929,116542
 19029,ZCTA5 19029,-,44583,63477,48894,68571
 19030,ZCTA5 19030,-,85513,103897,65873,102802
 19031,ZCTA5 19031,-,184375,183750,69129,175519
 19032,ZCTA5 19032,51042,50766,70313,49375,64336
 19033,ZCTA5 19033,-,123417,95760,61806,115800
 19034,ZCTA5 19034,-,146300,204643,110921,195565
 19035,ZCTA5 19035,-,"250,000+","250,000+",183500,"250,000+"
 19036,ZCTA5 19036,31477,80632,87500,59513,89015
 19038,ZCTA5 19038,-,119896,142929,85045,139583
 19040,ZCTA5 19040,114327,119207,126061,67621,125784
 19041,ZCTA5 19041,-,200972,"250,000+",105729,238309
 19043,ZCTA5 19043,-,109324,135500,-,135783
 19044,ZCTA5 19044,-,95847,115128,72813,121438
 19046,ZCTA5 19046,-,119615,153861,78875,152897
 19047,ZCTA5 19047,22119,111200,134546,82125,133352
 19050,ZCTA5 19050,-,68412,70250,47753,79031
 19052,ZCTA5 19052,-,-,68750,130179,138816
 19053,ZCTA5 19053,79612,109354,116047,66882,116944
 19054,ZCTA5 19054,68750,117276,121223,77192,116033
 19055,ZCTA5 19055,-,78118,96983,55844,89401
 19056,ZCTA5 19056,-,120000,104250,51932,115034
 19057,ZCTA5 19057,39508,99226,115543,64940,98600
 19060,ZCTA5 19060,-,214659,175714,90833,172550
 19061,ZCTA5 19061,53178,68317,92395,52311,94254
 19063,ZCTA5 19063,71177,144609,143229,75227,157074
 19064,ZCTA5 19064,-,153450,149551,80096,144973
 19066,ZCTA5 19066,-,"250,000+",224732,158864,"250,000+"
 19067,ZCTA5 19067,64118,131265,147121,97547,147923
 19070,ZCTA5 19070,-,83173,129643,56806,127813
 19072,ZCTA5 19072,-,230417,192446,122682,230536
 19073,ZCTA5 19073,-,179738,162188,81817,177885
 19074,ZCTA5 19074,-,73810,104342,69792,118819
 19075,ZCTA5 19075,-,134688,122917,70795,132869
 19076,ZCTA5 19076,-,59883,96961,37738,89013
 19078,ZCTA5 19078,-,101696,110536,51851,115667
 19079,ZCTA5 19079,-,43346,74290,46089,71021
 19081,ZCTA5 19081,-,134923,141417,74375,165490
 19082,ZCTA5 19082,43482,58831,60243,44638,64856
 19083,ZCTA5 19083,-,143333,139671,66683,144144
 19085,ZCTA5 19085,-,"250,000+","250,000+",240408,"250,000+"
 19086,ZCTA5 19086,-,152857,163542,117639,167071
 19087,ZCTA5 19087,63214,168872,217513,90216,195816
 19090,ZCTA5 19090,49385,106908,112244,64179,115637
 19094,ZCTA5 19094,-,102225,95100,-,98125
 19095,ZCTA5 19095,"2,500-",92794,128967,115441,148082
 19096,ZCTA5 19096,-,231466,225670,98438,239179
 19102,ZCTA5 19102,-,111635,200625,73158,224514
 19103,ZCTA5 19103,52647,105643,154638,68977,188077
 19104,ZCTA5 19104,21613,42096,41881,17739,51775
 19106,ZCTA5 19106,90469,121178,210833,124527,193750
 19107,ZCTA5 19107,41278,78362,120192,30618,92377
 19108,ZCTA5 19108,-,"250,000+",-,-,-
 19109,ZCTA5 19109,-,-,-,-,-
 19111,ZCTA5 19111,51178,60319,69746,42352,66298
 19112,ZCTA5 19112,-,-,-,-,-
 19113,ZCTA5 19113,-,-,-,-,-
 19114,ZCTA5 19114,-,96546,81681,57243,98198
 19115,ZCTA5 19115,-,75585,101237,45511,95390
 19116,ZCTA5 19116,36316,62278,89063,45409,83078
 19118,ZCTA5 19118,27143,101510,118244,64135,180313
 19119,ZCTA5 19119,-,93630,81151,66227,105300
 19120,ZCTA5 19120,-,45307,56522,38887,47993
 19121,ZCTA5 19121,17717,38279,53120,19159,47422
 19122,ZCTA5 19122,15934,98094,47564,17893,68060
 19123,ZCTA5 19123,43910,117799,83406,20637,125469
 19124,ZCTA5 19124,37627,45990,51149,29439,52179
 19125,ZCTA5 19125,63750,118412,90135,28768,114907
 19126,ZCTA5 19126,45122,63073,56272,57581,72628
 19127,ZCTA5 19127,64167,144158,112500,65139,166587
 19128,ZCTA5 19128,65109,99597,95841,57784,107642
 19129,ZCTA5 19129,-,107039,51313,51514,125326
 19130,ZCTA5 19130,55845,111773,130402,78060,162917
 19131,ZCTA5 19131,36667,47382,61641,33042,57478
 19132,ZCTA5 19132,-,29051,29989,26337,41936
 19133,ZCTA5 19133,51384,34033,28846,27179,32092
 19134,ZCTA5 19134,44891,43339,40441,29271,34306
 19135,ZCTA5 19135,"2,500-",51478,55721,46110,52988
 19136,ZCTA5 19136,37600,83048,66657,41912,78916
 19137,ZCTA5 19137,-,72120,59149,43259,61865
 19138,ZCTA5 19138,-,47217,56830,35162,56597
 19139,ZCTA5 19139,34820,44704,36675,26497,47512
 19140,ZCTA5 19140,56584,34295,27340,27097,35472
 19141,ZCTA5 19141,-,45203,33858,32782,45046
 19142,ZCTA5 19142,32500,44508,41294,25884,46109
 19143,ZCTA5 19143,24087,51968,39894,29486,51901
 19144,ZCTA5 19144,31886,53795,34244,24474,62669
 19145,ZCTA5 19145,67309,85000,62455,41837,82884
 19146,ZCTA5 19146,58837,118095,77595,25491,112059
 19147,ZCTA5 19147,63906,123660,113132,53381,169167
 19148,ZCTA5 19148,66172,89975,69792,42102,78859
 19149,ZCTA5 19149,40455,52290,60230,37430,56204
 19150,ZCTA5 19150,19054,76261,64954,40881,73453
 19151,ZCTA5 19151,40818,57570,65299,37500,78324
 19152,ZCTA5 19152,-,55787,83115,40905,76398
 19153,ZCTA5 19153,"2,500-",56500,57216,41319,59734
 19154,ZCTA5 19154,-,101047,99561,51539,103396
 19301,ZCTA5 19301,-,165446,225227,69544,202469
 19310,ZCTA5 19310,42422,79688,111719,43125,97000
 19311,ZCTA5 19311,36979,143171,218011,110662,189362
 19312,ZCTA5 19312,-,190670,229688,94205,229688
 19316,ZCTA5 19316,-,-,-,-,-
 19317,ZCTA5 19317,71091,127950,177292,86333,173049
 19319,ZCTA5 19319,-,123676,"250,000+",-,186932
 19320,ZCTA5 19320,86121,92969,107524,70258,105837
 19330,ZCTA5 19330,-,116458,134712,82417,113438
 19333,ZCTA5 19333,66103,180417,207857,84420,213430
 19335,ZCTA5 19335,46575,145039,150564,72955,159771
 19341,ZCTA5 19341,58234,130582,152401,86615,140561
 19342,ZCTA5 19342,-,208963,187083,67933,179706
 19343,ZCTA5 19343,-,196688,170000,92426,168309
 19344,ZCTA5 19344,48816,73750,120645,57500,84167
 19345,ZCTA5 19345,-,-,-,-,-
 19348,ZCTA5 19348,71123,117411,147697,81413,142277
 19350,ZCTA5 19350,-,192500,174583,89097,172319
 19352,ZCTA5 19352,-,163450,165476,108158,164353
 19355,ZCTA5 19355,99318,149198,201216,103158,185625
 19358,ZCTA5 19358,-,49063,-,-,42250
 19362,ZCTA5 19362,-,100714,100847,47390,99507
 19363,ZCTA5 19363,-,105739,129490,67875,113429
 19365,ZCTA5 19365,130500,113185,123621,53750,110789
 19367,ZCTA5 19367,-,-,-,-,-
 19369,ZCTA5 19369,-,-,-,-,-
 19372,ZCTA5 19372,-,115110,117734,69669,108750
 19373,ZCTA5 19373,-,217206,226023,-,215515
 19374,ZCTA5 19374,-,83171,111667,31889,83451
 19375,ZCTA5 19375,-,-,-,-,-
 19380,ZCTA5 19380,58232,137733,158825,73252,148770
 19382,ZCTA5 19382,45600,127245,159116,84462,162625
 19383,ZCTA5 19383,-,-,-,-,-
 19390,ZCTA5 19390,-,119091,137039,64592,125368
 19401,ZCTA5 19401,39599,75660,73889,45171,75914
 19403,ZCTA5 19403,57436,122112,112917,63811,125170
 19405,ZCTA5 19405,55765,122159,103417,55378,108571
 19406,ZCTA5 19406,49643,113912,129554,66848,125197
 19422,ZCTA5 19422,-,165547,217453,89755,198889
 19425,ZCTA5 19425,-,161380,"250,000+",109271,225161
 19426,ZCTA5 19426,70000,150902,192712,71885,173784
 19428,ZCTA5 19428,72092,136804,101587,58250,135806
 19435,ZCTA5 19435,-,77404,-,-,103281
 19436,ZCTA5 19436,-,-,-,74531,-
 19437,ZCTA5 19437,-,-,217596,-,200795
 19438,ZCTA5 19438,-,155547,178278,74250,160214
 19440,ZCTA5 19440,-,99526,132899,69112,119669
 19442,ZCTA5 19442,-,-,-,-,-
 19444,ZCTA5 19444,80743,148750,169947,90565,178967
 19446,ZCTA5 19446,61250,114869,126330,70084,125355
 19453,ZCTA5 19453,-,104773,-,39000,131579
 19454,ZCTA5 19454,76956,135013,143238,62697,140561
 19456,ZCTA5 19456,-,-,246875,-,246080
 19457,ZCTA5 19457,-,-,-,-,102826
 19460,ZCTA5 19460,77757,119944,162591,66661,148263
 19462,ZCTA5 19462,-,162992,143321,71060,152250
 19464,ZCTA5 19464,36648,81458,93137,50112,90408
 19465,ZCTA5 19465,93196,101036,130041,64454,119712
 19468,ZCTA5 19468,46765,109680,119333,70135,119888
 19472,ZCTA5 19472,-,-,-,-,-
 19473,ZCTA5 19473,65000,129541,139545,61768,137467
 19474,ZCTA5 19474,-,-,-,53583,-
 19475,ZCTA5 19475,-,95227,110542,52335,143984
 19477,ZCTA5 19477,-,-,-,-,-
 19490,ZCTA5 19490,-,-,-,-,-
 19492,ZCTA5 19492,-,-,-,32656,95341
 19501,ZCTA5 19501,-,73083,130909,45921,78906
 19503,ZCTA5 19503,-,84125,94479,51042,92578
 19504,ZCTA5 19504,-,118214,121176,56250,105114
 19505,ZCTA5 19505,-,83816,95167,97659,98302
 19506,ZCTA5 19506,-,111118,113950,57500,113726
 19507,ZCTA5 19507,69493,90625,125307,29853,126159
 19508,ZCTA5 19508,73317,89147,95260,54236,92917
 19510,ZCTA5 19510,-,116288,148626,51378,135357
 19511,ZCTA5 19511,-,-,-,-,-
 19512,ZCTA5 19512,24129,103313,89271,51687,88904
 19516,ZCTA5 19516,-,78875,111042,-,87500
 19518,ZCTA5 19518,-,142083,143250,50588,125833
 19520,ZCTA5 19520,-,105804,128872,68750,117090
 19522,ZCTA5 19522,-,115375,111595,56792,105511
 19523,ZCTA5 19523,-,-,-,-,-
 19525,ZCTA5 19525,72188,147627,151030,73309,146692
 19526,ZCTA5 19526,-,84653,82898,48938,88092
 19529,ZCTA5 19529,53750,93750,99519,83625,100313
 19530,ZCTA5 19530,38713,89618,89601,33672,105625
 19533,ZCTA5 19533,120673,92059,137717,62713,120703
 19534,ZCTA5 19534,-,71691,83478,72794,83520
 19535,ZCTA5 19535,-,-,-,-,-
 19536,ZCTA5 19536,-,51639,75588,52813,77059
 19538,ZCTA5 19538,-,-,-,-,-
 19539,ZCTA5 19539,-,101754,106625,61563,101964
 19540,ZCTA5 19540,-,109457,111094,70238,108425
 19541,ZCTA5 19541,53750,104205,112368,55000,110357
 19543,ZCTA5 19543,-,113878,150655,74091,116336
 19544,ZCTA5 19544,-,-,107500,-,116071
 19545,ZCTA5 19545,-,83181,95125,-,84126
 19547,ZCTA5 19547,-,121600,100781,47760,109356
 19549,ZCTA5 19549,-,79500,98125,53523,80000
 19550,ZCTA5 19550,-,99097,-,-,68971
 19551,ZCTA5 19551,76250,90208,92455,65500,97292
 19554,ZCTA5 19554,-,56250,-,-,-
 19555,ZCTA5 19555,51250,74940,82153,40893,85119
 19559,ZCTA5 19559,-,-,86964,-,76932
 19560,ZCTA5 19560,70377,92470,73569,65101,84697
 19562,ZCTA5 19562,65833,72708,93490,31364,92292
 19564,ZCTA5 19564,-,-,-,-,115188
 19565,ZCTA5 19565,33276,108382,112669,50545,110170
 19567,ZCTA5 19567,51750,84924,108594,68125,97105
 19601,ZCTA5 19601,29137,39523,47799,29758,52141
 19602,ZCTA5 19602,31128,39101,47673,19100,44391
 19604,ZCTA5 19604,49545,54717,58732,42431,62230
 19605,ZCTA5 19605,-,89182,93875,57798,99924
 19606,ZCTA5 19606,41406,81631,97955,57205,97072
 19607,ZCTA5 19607,70417,84982,99648,51799,97871
 19608,ZCTA5 19608,46458,96375,150824,69306,122635
 19609,ZCTA5 19609,-,112500,84179,55913,98809
 19610,ZCTA5 19610,30000,112917,154214,53575,136687
 19611,ZCTA5 19611,29398,53446,59154,52321,56958
